order_id,customer_name,country,city,product_name,category_name,product_price,quantity,order_date
ORD10001,Kelsey Boyle,Germany,Munich,Football,Sports,900,4,2025-07-09
ORD10002,Jason Santos,Germany,Berlin,Chair,Furniture,2500,4,2024-07-28
ORD10003,Robin Romero,UK,Birmingham,Python Book,Books,900,4,2025-01-10
ORD10003,Robin Romero,UK,Birmingham,Cricket Bat,Sports,2200,1,2025-01-10
ORD10003,Robin Romero,UK,Birmingham,Mouse,Electronics,700,1,2025-01-10
ORD10004,Lisa Mullins,UK,Leeds,SQL Book,Books,750,5,2024-12-17
ORD10005,Felicia Richardson,Canada,Vancouver,T-Shirt,Clothing,800,2,2026-05-10
ORD10006,Jordan Morgan,Canada,Montreal,Jeans,Clothing,1800,1,2025-05-06
ORD10007,Lynn Steele,USA,Austin,Python Book,Books,900,4,2024-09-09
ORD10008,Brad Johnson,UK,Manchester,Sofa,Furniture,25000,5,2025-11-10
ORD10008,Brad Johnson,UK,Manchester,Table,Furniture,6000,4,2025-11-10
ORD10008,Brad Johnson,UK,Manchester,Monitor,Electronics,12000,3,2025-11-10
ORD10009,Matthew Moore,India,Delhi,Jeans,Clothing,1800,5,2025-06-01
ORD10010,Angela Daniels,India,Ahmedabad,Jeans,Clothing,1800,1,2025-05-04
ORD10010,Angela Daniels,India,Ahmedabad,Python Book,Books,900,1,2025-05-04
ORD10010,Angela Daniels,India,Ahmedabad,Mouse,Electronics,700,4,2025-05-04
ORD10011,Alexis Garza,USA,Austin,Table,Furniture,6000,5,2024-10-17
ORD10012,Sean Boyd,UK,Manchester,T-Shirt,Clothing,800,4,2024-11-14
ORD10013,John Simpson,USA,Chicago,Sofa,Furniture,25000,5,2024-07-04
ORD10013,John Simpson,USA,Chicago,AI Handbook,Books,1200,5,2024-07-04
ORD10013,John Simpson,USA,Chicago,Jacket,Clothing,3500,4,2024-07-04
ORD10014,Christina Espinoza,Germany,Munich,Table,Furniture,6000,3,2025-11-20
ORD10014,Christina Espinoza,Germany,Munich,Cricket Bat,Sports,2200,3,2025-11-20
ORD10015,Casey Thompson,Germany,Hamburg,Keyboard,Electronics,1500,1,2024-11-28
ORD10015,Casey Thompson,Germany,Hamburg,Jacket,Clothing,3500,4,2024-11-28
ORD10015,Casey Thompson,Germany,Hamburg,Sofa,Furniture,25000,1,2024-11-28
ORD10016,Felicia Brown,UK,Manchester,Chair,Furniture,2500,1,2025-02-16
ORD10016,Felicia Brown,UK,Manchester,AI Handbook,Books,1200,2,2025-02-16
ORD10016,Felicia Brown,UK,Manchester,Sofa,Furniture,25000,4,2025-02-16
ORD10017,Jacob Mendez,India,Pune,SQL Book,Books,750,4,2025-03-31
ORD10017,Jacob Mendez,India,Pune,Keyboard,Electronics,1500,2,2025-03-31
ORD10017,Jacob Mendez,India,Pune,Tennis Racket,Sports,3500,2,2025-03-31
ORD10018,Brian Lewis,Germany,Berlin,Sofa,Furniture,25000,5,2024-07-31
ORD10019,Michael Davenport,India,Delhi,T-Shirt,Clothing,800,4,2024-11-11
ORD10020,Charles Little,USA,Seattle,Python Book,Books,900,4,2025-02-01
ORD10021,Bryan Patterson,UK,Birmingham,AI Handbook,Books,1200,5,2025-11-10
ORD10021,Bryan Patterson,UK,Birmingham,Python Book,Books,900,4,2025-11-10
ORD10022,Richard Weaver,Germany,Frankfurt,Tennis Racket,Sports,3500,2,2026-06-15
ORD10023,Shane Davis,USA,Boston,Tennis Racket,Sports,3500,1,2025-03-25
ORD10023,Shane Davis,USA,Boston,T-Shirt,Clothing,800,5,2025-03-25
ORD10023,Shane Davis,USA,Boston,Keyboard,Electronics,1500,1,2025-03-25
ORD10024,Anna Booker,Canada,Calgary,Jacket,Clothing,3500,2,2025-12-08
ORD10024,Anna Booker,Canada,Calgary,AI Handbook,Books,1200,3,2025-12-08
ORD10025,Jared Dawson,Germany,Frankfurt,Tennis Racket,Sports,3500,3,2024-07-30
ORD10026,Jimmy Weaver,USA,New York,SQL Book,Books,750,5,2025-11-29
ORD10027,Shaun Harris,India,Mumbai,Mouse,Electronics,700,2,2026-05-25
ORD10027,Shaun Harris,India,Mumbai,Laptop,Electronics,50000,1,2026-05-25
ORD10028,Stanley Drake,UK,Manchester,AI Handbook,Books,1200,5,2024-11-09
ORD10029,Mandy Carter,Germany,Munich,Football,Sports,900,4,2025-04-23
ORD10029,Mandy Carter,Germany,Munich,AI Handbook,Books,1200,5,2025-04-23
ORD10029,Mandy Carter,Germany,Munich,T-Shirt,Clothing,800,2,2025-04-23
ORD10030,Pamela Hanson,USA,Boston,Table,Furniture,6000,4,2024-07-27
ORD10030,Pamela Hanson,USA,Boston,AI Handbook,Books,1200,5,2024-07-27
ORD10031,Barry Le,Canada,Montreal,Monitor,Electronics,12000,4,2025-01-22
ORD10031,Barry Le,Canada,Montreal,T-Shirt,Clothing,800,1,2025-01-22
ORD10031,Barry Le,Canada,Montreal,Chair,Furniture,2500,5,2025-01-22
ORD10032,Tara Salazar,Germany,Berlin,Keyboard,Electronics,1500,2,2024-11-06
ORD10033,Kaitlin Smith,Germany,Frankfurt,Laptop,Electronics,50000,4,2026-05-26
ORD10034,Joseph Ortiz,India,Surat,Python Book,Books,900,5,2024-08-24
ORD10034,Joseph Ortiz,India,Surat,Jacket,Clothing,3500,2,2024-08-24
ORD10034,Joseph Ortiz,India,Surat,Monitor,Electronics,12000,1,2024-08-24
ORD10035,Samantha Duncan,Canada,Toronto,Jacket,Clothing,3500,4,2025-05-08
ORD10035,Samantha Duncan,Canada,Toronto,Keyboard,Electronics,1500,3,2025-05-08
ORD10036,Betty Kennedy,UK,Leeds,Sofa,Furniture,25000,1,2026-05-21
ORD10036,Betty Kennedy,UK,Leeds,Laptop,Electronics,50000,5,2026-05-21
ORD10037,John Cruz,India,Surat,Tennis Racket,Sports,3500,1,2026-05-05
ORD10038,Gabriela Rodriguez,Germany,Hamburg,Cricket Bat,Sports,2200,1,2025-05-08
ORD10038,Gabriela Rodriguez,Germany,Hamburg,Tennis Racket,Sports,3500,3,2025-05-08
ORD10038,Gabriela Rodriguez,Germany,Hamburg,Chair,Furniture,2500,4,2025-05-08
ORD10039,Tammy Phillips,UK,London,Chair,Furniture,2500,3,2026-01-14
ORD10039,Tammy Phillips,UK,London,Jacket,Clothing,3500,1,2026-01-14
ORD10040,Ashley Edwards,USA,Chicago,Cricket Bat,Sports,2200,4,2025-03-06
ORD10040,Ashley Edwards,USA,Chicago,Football,Sports,900,4,2025-03-06
ORD10041,James Murray,Canada,Montreal,Tennis Racket,Sports,3500,1,2025-01-30
ORD10042,Shaun Taylor,India,Mumbai,Football,Sports,900,1,2025-04-21
ORD10043,Timothy Ward,UK,London,Jeans,Clothing,1800,5,2024-07-20
ORD10043,Timothy Ward,UK,London,T-Shirt,Clothing,800,1,2024-07-20
ORD10044,Eric Smith,UK,London,Table,Furniture,6000,2,2024-10-13
ORD10044,Eric Smith,UK,London,Chair,Furniture,2500,3,2024-10-13
ORD10044,Eric Smith,UK,London,T-Shirt,Clothing,800,4,2024-10-13
ORD10045,Angela Kramer,UK,Manchester,Python Book,Books,900,3,2026-02-19
ORD10046,Ashley Davis,Canada,Vancouver,Table,Furniture,6000,1,2024-06-27
ORD10047,William Davis,Germany,Frankfurt,Sofa,Furniture,25000,2,2024-07-01
ORD10047,William Davis,Germany,Frankfurt,Jeans,Clothing,1800,2,2024-07-01
ORD10047,William Davis,Germany,Frankfurt,Jeans,Clothing,1800,2,2024-07-01
ORD10048,Stacy Howard,Canada,Montreal,Jacket,Clothing,3500,5,2026-05-31
ORD10049,Kevin Walker,Canada,Vancouver,Chair,Furniture,2500,3,2025-02-07
ORD10050,Austin Lester,India,Mumbai,AI Handbook,Books,1200,3,2025-11-26
ORD10050,Austin Lester,India,Mumbai,Python Book,Books,900,5,2025-11-26
ORD10051,James Benton,USA,Austin,T-Shirt,Clothing,800,5,2024-10-20
ORD10052,Tracy Arias,India,Ahmedabad,Football,Sports,900,5,2025-10-17
ORD10053,Rodney Cunningham,USA,New York,Laptop,Electronics,50000,5,2025-05-29
ORD10054,William Chen,India,Delhi,Laptop,Electronics,50000,1,2024-09-07
ORD10054,William Chen,India,Delhi,Jacket,Clothing,3500,1,2024-09-07
ORD10054,William Chen,India,Delhi,Jacket,Clothing,3500,4,2024-09-07
ORD10055,Brent Shaffer,India,Surat,Keyboard,Electronics,1500,3,2026-03-29
ORD10055,Brent Shaffer,India,Surat,Table,Furniture,6000,1,2026-03-29
ORD10056,Justin Knapp,Germany,Munich,Mouse,Electronics,700,3,2025-07-05
ORD10056,Justin Knapp,Germany,Munich,Table,Furniture,6000,2,2025-07-05
ORD10056,Justin Knapp,Germany,Munich,Jeans,Clothing,1800,4,2025-07-05
ORD10057,Nathan Fuller,UK,London,Python Book,Books,900,5,2026-04-12
ORD10057,Nathan Fuller,UK,London,SQL Book,Books,750,1,2026-04-12
ORD10058,Patrick Simmons,Canada,Toronto,AI Handbook,Books,1200,5,2025-03-15
ORD10058,Patrick Simmons,Canada,Toronto,T-Shirt,Clothing,800,2,2025-03-15
ORD10059,Marcus Hanson,UK,Leeds,Table,Furniture,6000,3,2025-12-30
ORD10059,Marcus Hanson,UK,Leeds,Tennis Racket,Sports,3500,5,2025-12-30
ORD10059,Marcus Hanson,UK,Leeds,Tennis Racket,Sports,3500,4,2025-12-30
ORD10060,Elizabeth Cox,India,Surat,SQL Book,Books,750,4,2025-03-14
ORD10061,Joshua Hunt,USA,Chicago,AI Handbook,Books,1200,2,2024-07-01
ORD10061,Joshua Hunt,USA,Chicago,Python Book,Books,900,5,2024-07-01
ORD10061,Joshua Hunt,USA,Chicago,SQL Book,Books,750,2,2024-07-01
ORD10062,Mark Bright,USA,Chicago,AI Handbook,Books,1200,2,2025-05-21
ORD10062,Mark Bright,USA,Chicago,Keyboard,Electronics,1500,1,2025-05-21
ORD10063,Alexis Bright,USA,New York,AI Handbook,Books,1200,4,2025-10-17
ORD10063,Alexis Bright,USA,New York,AI Handbook,Books,1200,1,2025-10-17
ORD10064,Brenda Webb,USA,New York,Laptop,Electronics,50000,1,2025-09-02
ORD10065,Jillian Watts,Germany,Hamburg,Jacket,Clothing,3500,1,2024-07-21
ORD10066,Kristen Nelson,USA,New York,Laptop,Electronics,50000,3,2025-11-14
ORD10066,Kristen Nelson,USA,New York,T-Shirt,Clothing,800,1,2025-11-14
ORD10067,Thomas Stephens,USA,Boston,Laptop,Electronics,50000,1,2025-03-09
ORD10067,Thomas Stephens,USA,Boston,Jacket,Clothing,3500,1,2025-03-09
ORD10068,Michael Hall,Canada,Vancouver,Mouse,Electronics,700,2,2024-07-01
ORD10069,Amber Booth,Germany,Berlin,Keyboard,Electronics,1500,1,2025-03-06
ORD10070,Jeffrey Martin,UK,Leeds,Keyboard,Electronics,1500,2,2025-09-05
ORD10070,Jeffrey Martin,UK,Leeds,Python Book,Books,900,1,2025-09-05
ORD10070,Jeffrey Martin,UK,Leeds,SQL Book,Books,750,1,2025-09-05
ORD10071,Stephanie Sloan,UK,Leeds,T-Shirt,Clothing,800,2,2025-01-29
ORD10071,Stephanie Sloan,UK,Leeds,Laptop,Electronics,50000,4,2025-01-29
ORD10072,Michelle Miles,USA,Boston,Python Book,Books,900,3,2025-12-14
ORD10072,Michelle Miles,USA,Boston,Mouse,Electronics,700,4,2025-12-14
ORD10072,Michelle Miles,USA,Boston,Mouse,Electronics,700,4,2025-12-14
ORD10073,Robert Bishop,India,Surat,Football,Sports,900,5,2025-11-22
ORD10074,Robert Swanson,UK,Leeds,Jacket,Clothing,3500,5,2025-03-24
ORD10074,Robert Swanson,UK,Leeds,Cricket Bat,Sports,2200,1,2025-03-24
ORD10075,Jacqueline Farmer,Canada,Toronto,Cricket Bat,Sports,2200,1,2026-03-02
ORD10075,Jacqueline Farmer,Canada,Toronto,Monitor,Electronics,12000,3,2026-03-02
ORD10075,Jacqueline Farmer,Canada,Toronto,Cricket Bat,Sports,2200,3,2026-03-02
ORD10076,William Martin,USA,Chicago,Keyboard,Electronics,1500,4,2024-10-06
ORD10076,William Martin,USA,Chicago,Football,Sports,900,5,2024-10-06
ORD10076,William Martin,USA,Chicago,Table,Furniture,6000,2,2024-10-06
ORD10077,Robert Jones,Germany,Berlin,T-Shirt,Clothing,800,2,2024-11-14
ORD10077,Robert Jones,Germany,Berlin,Table,Furniture,6000,4,2024-11-14
ORD10078,Tara Turner,Germany,Frankfurt,T-Shirt,Clothing,800,3,2024-12-19
ORD10079,Thomas Fisher,Germany,Munich,Laptop,Electronics,50000,1,2026-05-21
ORD10080,Amy Clark,India,Pune,AI Handbook,Books,1200,4,2025-01-25
ORD10081,Robert Wilson,Canada,Vancouver,Monitor,Electronics,12000,4,2025-03-26
ORD10081,Robert Wilson,Canada,Vancouver,Python Book,Books,900,1,2025-03-26
ORD10082,John Harris,Canada,Vancouver,Mouse,Electronics,700,3,2026-04-13
ORD10082,John Harris,Canada,Vancouver,Table,Furniture,6000,4,2026-04-13
ORD10082,John Harris,Canada,Vancouver,Monitor,Electronics,12000,1,2026-04-13
ORD10083,Colton Mitchell,Canada,Montreal,AI Handbook,Books,1200,1,2024-07-21
ORD10083,Colton Mitchell,Canada,Montreal,Jacket,Clothing,3500,3,2024-07-21
ORD10083,Colton Mitchell,Canada,Montreal,AI Handbook,Books,1200,5,2024-07-21
ORD10084,Julie Hernandez,UK,Manchester,Python Book,Books,900,2,2026-04-14
ORD10085,Eduardo Smith,Germany,Frankfurt,AI Handbook,Books,1200,4,2025-08-03
ORD10086,Paul Hodge,India,Mumbai,Python Book,Books,900,2,2024-07-02
ORD10086,Paul Hodge,India,Mumbai,Python Book,Books,900,4,2024-07-02
ORD10086,Paul Hodge,India,Mumbai,Cricket Bat,Sports,2200,5,2024-07-02
ORD10087,Brian Davis,Canada,Toronto,Cricket Bat,Sports,2200,2,2026-01-13
ORD10087,Brian Davis,Canada,Toronto,T-Shirt,Clothing,800,3,2026-01-13
ORD10087,Brian Davis,Canada,Toronto,Table,Furniture,6000,2,2026-01-13
ORD10088,Kelly Russell,Germany,Berlin,Monitor,Electronics,12000,2,2024-09-29
ORD10089,Dawn Taylor,India,Surat,Football,Sports,900,2,2025-07-26
ORD10090,Mr. Tanner Johnson PhD,Canada,Calgary,AI Handbook,Books,1200,5,2026-04-08
ORD10090,Mr. Tanner Johnson PhD,Canada,Calgary,AI Handbook,Books,1200,3,2026-04-08
ORD10090,Mr. Tanner Johnson PhD,Canada,Calgary,Cricket Bat,Sports,2200,5,2026-04-08
ORD10091,Albert Anderson,USA,Chicago,Python Book,Books,900,3,2026-05-15
ORD10091,Albert Anderson,USA,Chicago,Monitor,Electronics,12000,5,2026-05-15
ORD10091,Albert Anderson,USA,Chicago,Chair,Furniture,2500,2,2026-05-15
ORD10092,Veronica Morales,India,Pune,Chair,Furniture,2500,5,2026-04-23
ORD10092,Veronica Morales,India,Pune,Football,Sports,900,4,2026-04-23
ORD10092,Veronica Morales,India,Pune,AI Handbook,Books,1200,5,2026-04-23
ORD10093,Brendan Walker,India,Mumbai,Table,Furniture,6000,2,2025-07-12
ORD10093,Brendan Walker,India,Mumbai,Sofa,Furniture,25000,5,2025-07-12
ORD10093,Brendan Walker,India,Mumbai,Sofa,Furniture,25000,3,2025-07-12
ORD10094,Jeremy Frye,Canada,Montreal,Laptop,Electronics,50000,4,2026-04-04
ORD10094,Jeremy Frye,Canada,Montreal,AI Handbook,Books,1200,4,2026-04-04
ORD10094,Jeremy Frye,Canada,Montreal,Keyboard,Electronics,1500,4,2026-04-04
ORD10095,Robert Murphy,UK,London,Sofa,Furniture,25000,3,2024-11-08
ORD10095,Robert Murphy,UK,London,T-Shirt,Clothing,800,2,2024-11-08
ORD10096,Destiny Morales,Germany,Munich,Keyboard,Electronics,1500,1,2026-01-14
ORD10096,Destiny Morales,Germany,Munich,Monitor,Electronics,12000,4,2026-01-14
ORD10096,Destiny Morales,Germany,Munich,Cricket Bat,Sports,2200,5,2026-01-14
ORD10097,Ryan Bennett,USA,Boston,Keyboard,Electronics,1500,3,2025-10-11
ORD10097,Ryan Bennett,USA,Boston,AI Handbook,Books,1200,2,2025-10-11
ORD10098,Lisa Guzman,USA,Seattle,Chair,Furniture,2500,1,2025-07-21
ORD10098,Lisa Guzman,USA,Seattle,Football,Sports,900,1,2025-07-21
ORD10099,Jason Rodriguez,Germany,Frankfurt,Laptop,Electronics,50000,2,2024-12-25
ORD10099,Jason Rodriguez,Germany,Frankfurt,Cricket Bat,Sports,2200,4,2024-12-25
ORD10099,Jason Rodriguez,Germany,Frankfurt,AI Handbook,Books,1200,3,2024-12-25
ORD10100,Melissa Moore,Germany,Berlin,Jacket,Clothing,3500,1,2025-09-11
ORD10101,Steven Adams,USA,Boston,Table,Furniture,6000,1,2025-12-01
ORD10102,Anthony Gibson,UK,London,Mouse,Electronics,700,3,2026-03-11
ORD10103,Andrew Washington,UK,Manchester,Laptop,Electronics,50000,5,2025-07-15
ORD10103,Andrew Washington,UK,Manchester,Cricket Bat,Sports,2200,1,2025-07-15
ORD10103,Andrew Washington,UK,Manchester,Keyboard,Electronics,1500,3,2025-07-15
ORD10104,Christopher Brown,Canada,Toronto,Mouse,Electronics,700,4,2024-10-16
ORD10105,Erica Murray,UK,Leeds,Keyboard,Electronics,1500,1,2025-09-06
ORD10105,Erica Murray,UK,Leeds,Tennis Racket,Sports,3500,2,2025-09-06
ORD10106,Brian Martin,Canada,Calgary,Mouse,Electronics,700,3,2026-04-28
ORD10106,Brian Martin,Canada,Calgary,Sofa,Furniture,25000,4,2026-04-28
ORD10107,Lynn Williamson,Germany,Munich,Laptop,Electronics,50000,4,2024-11-27
ORD10107,Lynn Williamson,Germany,Munich,Table,Furniture,6000,3,2024-11-27
ORD10108,Mark Kidd,UK,Leeds,Tennis Racket,Sports,3500,3,2024-12-22
ORD10108,Mark Kidd,UK,Leeds,Jeans,Clothing,1800,3,2024-12-22
ORD10108,Mark Kidd,UK,Leeds,T-Shirt,Clothing,800,1,2024-12-22
ORD10109,Melanie Jones,India,Surat,Cricket Bat,Sports,2200,5,2024-08-02
ORD10109,Melanie Jones,India,Surat,Football,Sports,900,1,2024-08-02
ORD10109,Melanie Jones,India,Surat,SQL Book,Books,750,5,2024-08-02
ORD10110,Kelly Mitchell,USA,Boston,Jeans,Clothing,1800,2,2025-11-22
ORD10111,Judy Martin,India,Pune,SQL Book,Books,750,5,2026-06-07
ORD10111,Judy Martin,India,Pune,Sofa,Furniture,25000,5,2026-06-07
ORD10112,Christopher Hardy,USA,New York,AI Handbook,Books,1200,5,2025-02-10
ORD10112,Christopher Hardy,USA,New York,T-Shirt,Clothing,800,5,2025-02-10
ORD10112,Christopher Hardy,USA,New York,Cricket Bat,Sports,2200,2,2025-02-10
ORD10113,Anne Vaughan,Germany,Munich,Tennis Racket,Sports,3500,2,2025-08-14
ORD10113,Anne Vaughan,Germany,Munich,Python Book,Books,900,4,2025-08-14
ORD10113,Anne Vaughan,Germany,Munich,Python Book,Books,900,4,2025-08-14
ORD10114,Robert Cabrera,UK,Birmingham,Chair,Furniture,2500,2,2024-12-12
ORD10115,Nicholas Taylor,Germany,Hamburg,Sofa,Furniture,25000,3,2025-10-22
ORD10116,Natasha Diaz,UK,Leeds,Sofa,Furniture,25000,5,2024-11-20
ORD10117,William Mcdowell,USA,Chicago,Jacket,Clothing,3500,1,2025-05-17
ORD10118,Tina Hill,Germany,Hamburg,Tennis Racket,Sports,3500,1,2026-02-25
ORD10118,Tina Hill,Germany,Hamburg,Table,Furniture,6000,1,2026-02-25
ORD10119,Thomas Reid,Canada,Calgary,Tennis Racket,Sports,3500,2,2025-12-27
ORD10119,Thomas Reid,Canada,Calgary,AI Handbook,Books,1200,4,2025-12-27
ORD10119,Thomas Reid,Canada,Calgary,T-Shirt,Clothing,800,1,2025-12-27
ORD10120,Bryan Cuevas,Canada,Montreal,AI Handbook,Books,1200,4,2025-07-03
ORD10121,Joseph Chase DVM,India,Ahmedabad,Chair,Furniture,2500,5,2025-05-04
ORD10121,Joseph Chase DVM,India,Ahmedabad,Mouse,Electronics,700,1,2025-05-04
ORD10121,Joseph Chase DVM,India,Ahmedabad,Monitor,Electronics,12000,1,2025-05-04
ORD10122,Donald Harris,Germany,Hamburg,Chair,Furniture,2500,3,2024-12-31
ORD10122,Donald Harris,Germany,Hamburg,T-Shirt,Clothing,800,3,2024-12-31
ORD10123,Albert Dillon,Germany,Munich,Mouse,Electronics,700,3,2024-06-30
ORD10124,Courtney Harrison,India,Ahmedabad,Tennis Racket,Sports,3500,5,2025-02-05
ORD10124,Courtney Harrison,India,Ahmedabad,AI Handbook,Books,1200,3,2025-02-05
ORD10125,Robert Rich,USA,New York,Monitor,Electronics,12000,1,2025-03-04
ORD10126,Mark Gomez,Canada,Toronto,Jeans,Clothing,1800,1,2026-05-24
ORD10126,Mark Gomez,Canada,Toronto,Python Book,Books,900,4,2026-05-24
ORD10127,Ashley Reyes,UK,Leeds,Laptop,Electronics,50000,2,2024-07-04
ORD10127,Ashley Reyes,UK,Leeds,AI Handbook,Books,1200,4,2024-07-04
ORD10128,Robin Reed,UK,Leeds,Football,Sports,900,3,2024-09-09
ORD10128,Robin Reed,UK,Leeds,AI Handbook,Books,1200,2,2024-09-09
ORD10128,Robin Reed,UK,Leeds,Jacket,Clothing,3500,5,2024-09-09
ORD10129,Mrs. Diane Gaines DDS,India,Ahmedabad,Mouse,Electronics,700,1,2025-12-08
ORD10129,Mrs. Diane Gaines DDS,India,Ahmedabad,Sofa,Furniture,25000,1,2025-12-08
ORD10129,Mrs. Diane Gaines DDS,India,Ahmedabad,Python Book,Books,900,4,2025-12-08
ORD10130,Catherine Garcia,India,Mumbai,Table,Furniture,6000,3,2026-06-06
ORD10130,Catherine Garcia,India,Mumbai,Jacket,Clothing,3500,3,2026-06-06
ORD10131,Nichole Douglas,Germany,Frankfurt,T-Shirt,Clothing,800,5,2025-09-18
ORD10131,Nichole Douglas,Germany,Frankfurt,Mouse,Electronics,700,4,2025-09-18
ORD10132,Benjamin Thomas,UK,London,SQL Book,Books,750,3,2025-11-24
ORD10133,Karen Morales,Germany,Munich,Cricket Bat,Sports,2200,2,2025-11-11
ORD10134,Carmen Edwards,India,Delhi,Monitor,Electronics,12000,3,2025-07-10
ORD10134,Carmen Edwards,India,Delhi,Mouse,Electronics,700,3,2025-07-10
ORD10135,William Cook,India,Mumbai,Cricket Bat,Sports,2200,2,2024-09-23
ORD10135,William Cook,India,Mumbai,Python Book,Books,900,2,2024-09-23
ORD10135,William Cook,India,Mumbai,Monitor,Electronics,12000,2,2024-09-23
ORD10136,Deanna Kim,UK,London,Jacket,Clothing,3500,4,2025-03-17
ORD10136,Deanna Kim,UK,London,Jacket,Clothing,3500,1,2025-03-17
ORD10136,Deanna Kim,UK,London,Sofa,Furniture,25000,1,2025-03-17
ORD10137,Justin Perez,USA,Austin,Sofa,Furniture,25000,1,2025-08-20
ORD10137,Justin Perez,USA,Austin,Chair,Furniture,2500,5,2025-08-20
ORD10138,Chelsea Barnett,USA,Boston,Football,Sports,900,3,2024-10-14
ORD10138,Chelsea Barnett,USA,Boston,AI Handbook,Books,1200,5,2024-10-14
ORD10138,Chelsea Barnett,USA,Boston,Jacket,Clothing,3500,5,2024-10-14
ORD10139,Evelyn Walton,Canada,Montreal,Python Book,Books,900,5,2024-09-23
ORD10139,Evelyn Walton,Canada,Montreal,Table,Furniture,6000,3,2024-09-23
ORD10139,Evelyn Walton,Canada,Montreal,AI Handbook,Books,1200,5,2024-09-23
ORD10140,Daniel Nelson,USA,Austin,Laptop,Electronics,50000,2,2025-08-20
ORD10140,Daniel Nelson,USA,Austin,AI Handbook,Books,1200,1,2025-08-20
ORD10140,Daniel Nelson,USA,Austin,Cricket Bat,Sports,2200,5,2025-08-20
ORD10141,Courtney Whitehead,Canada,Calgary,Chair,Furniture,2500,5,2025-11-12
ORD10141,Courtney Whitehead,Canada,Calgary,Monitor,Electronics,12000,4,2025-11-12
ORD10142,Zachary Martinez,India,Mumbai,Jacket,Clothing,3500,2,2025-08-15
ORD10142,Zachary Martinez,India,Mumbai,Monitor,Electronics,12000,2,2025-08-15
ORD10142,Zachary Martinez,India,Mumbai,Cricket Bat,Sports,2200,2,2025-08-15
ORD10143,Jeffrey Rose,India,Pune,Python Book,Books,900,2,2026-06-01
ORD10143,Jeffrey Rose,India,Pune,Sofa,Furniture,25000,5,2026-06-01
ORD10144,Susan Guerrero,UK,Leeds,Table,Furniture,6000,5,2025-04-02
ORD10144,Susan Guerrero,UK,Leeds,SQL Book,Books,750,3,2025-04-02
ORD10145,Mr. Samuel Hahn,UK,Manchester,T-Shirt,Clothing,800,3,2025-06-27
ORD10145,Mr. Samuel Hahn,UK,Manchester,Jacket,Clothing,3500,2,2025-06-27
ORD10145,Mr. Samuel Hahn,UK,Manchester,Football,Sports,900,2,2025-06-27
ORD10146,Lisa Curry,UK,Manchester,Football,Sports,900,3,2025-05-19
ORD10146,Lisa Curry,UK,Manchester,AI Handbook,Books,1200,3,2025-05-19
ORD10146,Lisa Curry,UK,Manchester,Cricket Bat,Sports,2200,4,2025-05-19
ORD10147,Joseph Schultz,Germany,Berlin,SQL Book,Books,750,1,2026-04-20
ORD10147,Joseph Schultz,Germany,Berlin,Cricket Bat,Sports,2200,5,2026-04-20
ORD10148,Susan Oneal,Canada,Toronto,Sofa,Furniture,25000,3,2025-03-12
ORD10148,Susan Oneal,Canada,Toronto,Jeans,Clothing,1800,4,2025-03-12
ORD10148,Susan Oneal,Canada,Toronto,Jeans,Clothing,1800,1,2025-03-12
ORD10149,Susan Bowen,Germany,Berlin,Keyboard,Electronics,1500,2,2026-01-19
ORD10149,Susan Bowen,Germany,Berlin,SQL Book,Books,750,2,2026-01-19
ORD10150,Justin Smith,USA,Seattle,Monitor,Electronics,12000,3,2024-07-04
ORD10151,Brian Franklin,USA,Austin,SQL Book,Books,750,2,2025-10-15
ORD10151,Brian Franklin,USA,Austin,Football,Sports,900,2,2025-10-15
ORD10151,Brian Franklin,USA,Austin,Football,Sports,900,1,2025-10-15
ORD10152,Laura Rodriguez,Canada,Toronto,Football,Sports,900,2,2025-11-11
ORD10152,Laura Rodriguez,Canada,Toronto,Jacket,Clothing,3500,1,2025-11-11
ORD10152,Laura Rodriguez,Canada,Toronto,Table,Furniture,6000,1,2025-11-11
ORD10153,Penny Smith,Canada,Montreal,Football,Sports,900,1,2025-07-15
ORD10154,Emily Spence,USA,New York,Jeans,Clothing,1800,5,2026-04-27
ORD10154,Emily Spence,USA,New York,Cricket Bat,Sports,2200,3,2026-04-27
ORD10154,Emily Spence,USA,New York,Chair,Furniture,2500,2,2026-04-27
ORD10155,Lauren Lewis,Germany,Munich,Jeans,Clothing,1800,3,2025-11-06
ORD10156,Jasmine Diaz,India,Pune,Sofa,Furniture,25000,2,2026-02-12
ORD10156,Jasmine Diaz,India,Pune,Table,Furniture,6000,2,2026-02-12
ORD10157,Christine Black,UK,Manchester,Tennis Racket,Sports,3500,2,2026-01-20
ORD10157,Christine Black,UK,Manchester,Tennis Racket,Sports,3500,3,2026-01-20
ORD10158,Jeffrey Carr,Canada,Toronto,AI Handbook,Books,1200,5,2025-10-08
ORD10158,Jeffrey Carr,Canada,Toronto,Table,Furniture,6000,4,2025-10-08
ORD10158,Jeffrey Carr,Canada,Toronto,Jeans,Clothing,1800,2,2025-10-08
ORD10159,Jordan Robertson,Germany,Frankfurt,Jeans,Clothing,1800,4,2024-06-21
ORD10159,Jordan Robertson,Germany,Frankfurt,Tennis Racket,Sports,3500,5,2024-06-21
ORD10160,Chase Parks,UK,Birmingham,Keyboard,Electronics,1500,3,2025-12-01
ORD10160,Chase Parks,UK,Birmingham,Football,Sports,900,5,2025-12-01
ORD10160,Chase Parks,UK,Birmingham,Jacket,Clothing,3500,2,2025-12-01
ORD10161,Maxwell Reynolds,USA,Chicago,Cricket Bat,Sports,2200,2,2025-11-08
ORD10161,Maxwell Reynolds,USA,Chicago,Football,Sports,900,5,2025-11-08
ORD10161,Maxwell Reynolds,USA,Chicago,Cricket Bat,Sports,2200,3,2025-11-08
ORD10162,Michelle May,India,Pune,Table,Furniture,6000,4,2025-09-15
ORD10162,Michelle May,India,Pune,SQL Book,Books,750,3,2025-09-15
ORD10162,Michelle May,India,Pune,Tennis Racket,Sports,3500,4,2025-09-15
ORD10163,Mary Hicks,UK,Leeds,Monitor,Electronics,12000,3,2025-03-17
ORD10163,Mary Hicks,UK,Leeds,Monitor,Electronics,12000,3,2025-03-17
ORD10163,Mary Hicks,UK,Leeds,Chair,Furniture,2500,5,2025-03-17
ORD10164,Carla Stevens,UK,Leeds,Tennis Racket,Sports,3500,5,2025-10-17
ORD10164,Carla Stevens,UK,Leeds,Cricket Bat,Sports,2200,4,2025-10-17
ORD10164,Carla Stevens,UK,Leeds,Mouse,Electronics,700,1,2025-10-17
ORD10165,Jennifer Compton,Canada,Calgary,Cricket Bat,Sports,2200,1,2025-03-29
ORD10165,Jennifer Compton,Canada,Calgary,SQL Book,Books,750,5,2025-03-29
ORD10166,Karen Bennett,USA,Boston,Python Book,Books,900,3,2026-04-29
ORD10166,Karen Bennett,USA,Boston,Mouse,Electronics,700,2,2026-04-29
ORD10167,Jessica Cole,India,Surat,AI Handbook,Books,1200,2,2025-04-30
ORD10168,William Horton,Canada,Montreal,Python Book,Books,900,4,2025-04-11
ORD10169,Patricia Smith,India,Mumbai,Table,Furniture,6000,3,2024-07-01
ORD10170,Adam Vasquez,Germany,Munich,AI Handbook,Books,1200,1,2026-02-05
ORD10170,Adam Vasquez,Germany,Munich,Mouse,Electronics,700,4,2026-02-05
ORD10170,Adam Vasquez,Germany,Munich,Monitor,Electronics,12000,5,2026-02-05
ORD10171,Thomas Cook,Canada,Calgary,Sofa,Furniture,25000,3,2024-10-30
ORD10171,Thomas Cook,Canada,Calgary,Keyboard,Electronics,1500,2,2024-10-30
ORD10172,Thomas Holt,Germany,Berlin,Cricket Bat,Sports,2200,5,2026-02-04
ORD10173,Tracey Miller,Germany,Berlin,SQL Book,Books,750,1,2025-10-14
ORD10174,Carolyn Horne,India,Mumbai,T-Shirt,Clothing,800,2,2025-08-27
ORD10174,Carolyn Horne,India,Mumbai,Chair,Furniture,2500,1,2025-08-27
ORD10174,Carolyn Horne,India,Mumbai,Mouse,Electronics,700,1,2025-08-27
ORD10175,Anne Contreras,India,Ahmedabad,Python Book,Books,900,5,2025-01-07
ORD10176,Sheila Gonzalez,UK,Manchester,T-Shirt,Clothing,800,2,2025-05-14
ORD10176,Sheila Gonzalez,UK,Manchester,SQL Book,Books,750,2,2025-05-14
ORD10177,Emily Jones,UK,Manchester,SQL Book,Books,750,1,2024-12-03
ORD10177,Emily Jones,UK,Manchester,AI Handbook,Books,1200,1,2024-12-03
ORD10178,Barbara Thomas,USA,Boston,Sofa,Furniture,25000,1,2024-11-26
ORD10178,Barbara Thomas,USA,Boston,Chair,Furniture,2500,2,2024-11-26
ORD10179,Joseph Yates,USA,Chicago,Football,Sports,900,2,2026-01-04
ORD10180,Steven Clark,India,Mumbai,Jacket,Clothing,3500,5,2024-09-25
ORD10180,Steven Clark,India,Mumbai,Monitor,Electronics,12000,2,2024-09-25
ORD10181,Brian Mcdaniel,India,Ahmedabad,AI Handbook,Books,1200,5,2024-07-01
ORD10181,Brian Mcdaniel,India,Ahmedabad,T-Shirt,Clothing,800,3,2024-07-01
ORD10182,Andrew Martinez,India,Ahmedabad,Mouse,Electronics,700,1,2025-06-14
ORD10182,Andrew Martinez,India,Ahmedabad,Jacket,Clothing,3500,5,2025-06-14
ORD10182,Andrew Martinez,India,Ahmedabad,Table,Furniture,6000,5,2025-06-14
ORD10183,Erica Mitchell,USA,New York,AI Handbook,Books,1200,3,2026-03-13
ORD10183,Erica Mitchell,USA,New York,Football,Sports,900,4,2026-03-13
ORD10184,Christina Johnson,UK,London,Python Book,Books,900,2,2025-09-13
ORD10184,Christina Johnson,UK,London,Python Book,Books,900,5,2025-09-13
ORD10184,Christina Johnson,UK,London,Jeans,Clothing,1800,1,2025-09-13
ORD10185,Henry Lee,India,Surat,Keyboard,Electronics,1500,5,2026-03-11
ORD10185,Henry Lee,India,Surat,Cricket Bat,Sports,2200,3,2026-03-11
ORD10185,Henry Lee,India,Surat,SQL Book,Books,750,4,2026-03-11
ORD10186,Mr. David Hall,USA,Boston,Mouse,Electronics,700,1,2024-10-03
ORD10187,Renee Compton,Germany,Munich,T-Shirt,Clothing,800,4,2024-11-22
ORD10188,Haley Nelson,Canada,Toronto,Cricket Bat,Sports,2200,5,2025-03-31
ORD10189,James Haynes,Germany,Munich,Python Book,Books,900,4,2025-02-07
ORD10189,James Haynes,Germany,Munich,Keyboard,Electronics,1500,5,2025-02-07
ORD10190,Nicholas Marks,India,Surat,Mouse,Electronics,700,4,2025-09-01
ORD10191,Keith Bolton,Germany,Berlin,Chair,Furniture,2500,5,2026-02-21
ORD10192,Jason Henson,USA,Austin,SQL Book,Books,750,1,2024-09-14
ORD10193,Melissa Miller,India,Ahmedabad,Sofa,Furniture,25000,2,2025-12-15
ORD10193,Melissa Miller,India,Ahmedabad,T-Shirt,Clothing,800,5,2025-12-15
ORD10194,Susan Johnson,Canada,Toronto,Sofa,Furniture,25000,5,2025-11-07
ORD10194,Susan Johnson,Canada,Toronto,AI Handbook,Books,1200,1,2025-11-07
ORD10195,Melissa Woodard,Canada,Toronto,Jacket,Clothing,3500,3,2026-01-07
ORD10195,Melissa Woodard,Canada,Toronto,Keyboard,Electronics,1500,3,2026-01-07
ORD10196,Kelly Pena,UK,Manchester,Cricket Bat,Sports,2200,1,2025-05-30
ORD10197,Shaun Davidson,India,Pune,Laptop,Electronics,50000,5,2025-04-05
ORD10198,John White,UK,Manchester,Monitor,Electronics,12000,1,2026-02-27
ORD10198,John White,UK,Manchester,Cricket Bat,Sports,2200,4,2026-02-27
ORD10198,John White,UK,Manchester,Laptop,Electronics,50000,5,2026-02-27
ORD10199,Stacy Hernandez,India,Mumbai,Jacket,Clothing,3500,4,2024-10-21
ORD10199,Stacy Hernandez,India,Mumbai,Monitor,Electronics,12000,2,2024-10-21
ORD10199,Stacy Hernandez,India,Mumbai,Chair,Furniture,2500,1,2024-10-21
ORD10200,Heather Hartman,India,Mumbai,Sofa,Furniture,25000,2,2024-06-28
ORD10201,Jennifer Murphy,Canada,Calgary,Chair,Furniture,2500,5,2026-02-16
ORD10202,Regina Pittman,USA,Seattle,Sofa,Furniture,25000,3,2025-09-07
ORD10202,Regina Pittman,USA,Seattle,Cricket Bat,Sports,2200,2,2025-09-07
ORD10203,Tracy Mcdonald,Germany,Hamburg,SQL Book,Books,750,4,2025-06-20
ORD10203,Tracy Mcdonald,Germany,Hamburg,Mouse,Electronics,700,2,2025-06-20
ORD10203,Tracy Mcdonald,Germany,Hamburg,Sofa,Furniture,25000,4,2025-06-20
ORD10204,Cindy Ramirez,UK,London,SQL Book,Books,750,3,2025-05-01
ORD10204,Cindy Ramirez,UK,London,Sofa,Furniture,25000,1,2025-05-01
ORD10205,Ashley Rocha,USA,Boston,SQL Book,Books,750,3,2025-01-05
ORD10205,Ashley Rocha,USA,Boston,AI Handbook,Books,1200,2,2025-01-05
ORD10205,Ashley Rocha,USA,Boston,AI Handbook,Books,1200,4,2025-01-05
ORD10206,Travis Peterson,India,Delhi,Laptop,Electronics,50000,4,2024-12-25
ORD10206,Travis Peterson,India,Delhi,Python Book,Books,900,4,2024-12-25
ORD10207,Ruth Hawkins,Germany,Hamburg,Tennis Racket,Sports,3500,2,2025-07-16
ORD10207,Ruth Hawkins,Germany,Hamburg,Jacket,Clothing,3500,2,2025-07-16
ORD10207,Ruth Hawkins,Germany,Hamburg,Tennis Racket,Sports,3500,4,2025-07-16
ORD10208,Chelsea Nunez,UK,Leeds,SQL Book,Books,750,2,2025-07-09
ORD10208,Chelsea Nunez,UK,Leeds,Mouse,Electronics,700,5,2025-07-09
ORD10209,Richard Lindsey,USA,Chicago,Mouse,Electronics,700,3,2025-05-01
ORD10210,Eric White,USA,Austin,Cricket Bat,Sports,2200,4,2025-09-19
ORD10210,Eric White,USA,Austin,Laptop,Electronics,50000,3,2025-09-19
ORD10210,Eric White,USA,Austin,Table,Furniture,6000,3,2025-09-19
ORD10211,Adrienne Shah,Germany,Frankfurt,Table,Furniture,6000,1,2024-08-10
ORD10211,Adrienne Shah,Germany,Frankfurt,AI Handbook,Books,1200,5,2024-08-10
ORD10212,Kevin Hernandez,Germany,Hamburg,Keyboard,Electronics,1500,2,2024-12-18
ORD10213,Jennifer Thompson,India,Pune,Python Book,Books,900,2,2026-06-14
ORD10213,Jennifer Thompson,India,Pune,SQL Book,Books,750,4,2026-06-14
ORD10214,Kara Perry,Germany,Munich,SQL Book,Books,750,1,2025-11-08
ORD10214,Kara Perry,Germany,Munich,Table,Furniture,6000,5,2025-11-08
ORD10215,Patrick Carpenter,India,Surat,Monitor,Electronics,12000,5,2026-02-06
ORD10215,Patrick Carpenter,India,Surat,Jacket,Clothing,3500,1,2026-02-06
ORD10215,Patrick Carpenter,India,Surat,AI Handbook,Books,1200,2,2026-02-06
ORD10216,Steven Velasquez Jr.,USA,New York,AI Handbook,Books,1200,4,2026-02-03
ORD10216,Steven Velasquez Jr.,USA,New York,Cricket Bat,Sports,2200,3,2026-02-03
ORD10216,Steven Velasquez Jr.,USA,New York,Sofa,Furniture,25000,3,2026-02-03
ORD10217,James Washington,UK,Manchester,Jacket,Clothing,3500,1,2025-07-04
ORD10217,James Washington,UK,Manchester,Jacket,Clothing,3500,4,2025-07-04
ORD10218,Phillip Swanson,UK,Manchester,Table,Furniture,6000,4,2024-09-15
ORD10218,Phillip Swanson,UK,Manchester,Laptop,Electronics,50000,1,2024-09-15
ORD10218,Phillip Swanson,UK,Manchester,Keyboard,Electronics,1500,4,2024-09-15
ORD10219,Dorothy Wyatt,Germany,Hamburg,Laptop,Electronics,50000,1,2024-09-18
ORD10219,Dorothy Wyatt,Germany,Hamburg,AI Handbook,Books,1200,5,2024-09-18
ORD10219,Dorothy Wyatt,Germany,Hamburg,AI Handbook,Books,1200,2,2024-09-18
ORD10220,Mark Rose,Canada,Toronto,AI Handbook,Books,1200,1,2024-10-23
ORD10220,Mark Rose,Canada,Toronto,T-Shirt,Clothing,800,5,2024-10-23
ORD10220,Mark Rose,Canada,Toronto,Sofa,Furniture,25000,2,2024-10-23
ORD10221,Zachary Sellers,India,Mumbai,Sofa,Furniture,25000,4,2025-09-27
ORD10221,Zachary Sellers,India,Mumbai,Python Book,Books,900,1,2025-09-27
ORD10222,Vernon Gay,Germany,Berlin,Jeans,Clothing,1800,1,2025-07-26
ORD10222,Vernon Gay,Germany,Berlin,Tennis Racket,Sports,3500,4,2025-07-26
ORD10223,Tamara Freeman,Germany,Hamburg,Table,Furniture,6000,3,2024-07-02
ORD10224,Karen Alexander,India,Mumbai,Jeans,Clothing,1800,5,2025-08-06
ORD10225,Amy Smith,Canada,Calgary,Sofa,Furniture,25000,2,2024-11-01
ORD10225,Amy Smith,Canada,Calgary,Jacket,Clothing,3500,2,2024-11-01
ORD10225,Amy Smith,Canada,Calgary,Chair,Furniture,2500,5,2024-11-01
ORD10226,Richard Long,India,Delhi,Mouse,Electronics,700,2,2026-05-12
ORD10226,Richard Long,India,Delhi,Monitor,Electronics,12000,1,2026-05-12
ORD10227,Courtney Williams,Germany,Frankfurt,Sofa,Furniture,25000,5,2024-07-24
ORD10228,Marie Thompson,UK,Manchester,SQL Book,Books,750,4,2024-12-28
ORD10229,Calvin Burns,India,Pune,Cricket Bat,Sports,2200,1,2024-12-31
ORD10229,Calvin Burns,India,Pune,Football,Sports,900,4,2024-12-31
ORD10229,Calvin Burns,India,Pune,Jeans,Clothing,1800,5,2024-12-31
ORD10230,Travis Camacho,India,Mumbai,Python Book,Books,900,5,2025-01-09
ORD10230,Travis Camacho,India,Mumbai,Jeans,Clothing,1800,1,2025-01-09
ORD10231,Glenn Wiggins,Canada,Toronto,Sofa,Furniture,25000,1,2026-03-18
ORD10231,Glenn Wiggins,Canada,Toronto,Python Book,Books,900,3,2026-03-18
ORD10231,Glenn Wiggins,Canada,Toronto,Table,Furniture,6000,2,2026-03-18
ORD10232,Richard Rodriguez,India,Pune,Chair,Furniture,2500,1,2026-05-08
ORD10232,Richard Rodriguez,India,Pune,Chair,Furniture,2500,1,2026-05-08
ORD10233,Jennifer Robbins,Canada,Vancouver,Chair,Furniture,2500,4,2025-09-20
ORD10234,Gregory Cortez,Germany,Munich,Cricket Bat,Sports,2200,2,2025-04-26
ORD10234,Gregory Cortez,Germany,Munich,Sofa,Furniture,25000,3,2025-04-26
ORD10234,Gregory Cortez,Germany,Munich,Cricket Bat,Sports,2200,1,2025-04-26
ORD10235,Anna Terrell,Germany,Berlin,Cricket Bat,Sports,2200,2,2025-07-27
ORD10235,Anna Terrell,Germany,Berlin,Monitor,Electronics,12000,3,2025-07-27
ORD10235,Anna Terrell,Germany,Berlin,T-Shirt,Clothing,800,3,2025-07-27
ORD10236,Zachary Garcia,UK,Manchester,Mouse,Electronics,700,3,2025-02-05
ORD10237,Dawn Hall,India,Delhi,SQL Book,Books,750,1,2025-04-10
ORD10238,Christian Jackson,UK,Leeds,AI Handbook,Books,1200,3,2025-01-01
ORD10238,Christian Jackson,UK,Leeds,Jacket,Clothing,3500,5,2025-01-01
ORD10238,Christian Jackson,UK,Leeds,Cricket Bat,Sports,2200,4,2025-01-01
ORD10239,Katrina Mendez,Canada,Toronto,Table,Furniture,6000,2,2025-04-30
ORD10240,Sara Rice,Canada,Toronto,SQL Book,Books,750,1,2026-02-18
ORD10240,Sara Rice,Canada,Toronto,Keyboard,Electronics,1500,3,2026-02-18
ORD10240,Sara Rice,Canada,Toronto,Keyboard,Electronics,1500,4,2026-02-18
ORD10241,Jonathan Guzman,UK,London,Jeans,Clothing,1800,4,2025-03-26
ORD10241,Jonathan Guzman,UK,London,Jeans,Clothing,1800,2,2025-03-26
ORD10241,Jonathan Guzman,UK,London,Tennis Racket,Sports,3500,2,2025-03-26
ORD10242,Sean Smith,Canada,Toronto,AI Handbook,Books,1200,4,2024-10-04
ORD10242,Sean Smith,Canada,Toronto,T-Shirt,Clothing,800,5,2024-10-04
ORD10242,Sean Smith,Canada,Toronto,Laptop,Electronics,50000,4,2024-10-04
ORD10243,Jeffery Ramos,India,Pune,Jacket,Clothing,3500,5,2025-03-19
ORD10243,Jeffery Ramos,India,Pune,Jeans,Clothing,1800,4,2025-03-19
ORD10243,Jeffery Ramos,India,Pune,AI Handbook,Books,1200,3,2025-03-19
ORD10244,Joseph Morton,India,Delhi,T-Shirt,Clothing,800,4,2026-05-11
ORD10245,Jackson Simpson,Germany,Frankfurt,Table,Furniture,6000,2,2025-02-23
ORD10246,Samantha Lucas,Canada,Calgary,Chair,Furniture,2500,4,2025-06-25
ORD10246,Samantha Lucas,Canada,Calgary,Chair,Furniture,2500,5,2025-06-25
ORD10246,Samantha Lucas,Canada,Calgary,Tennis Racket,Sports,3500,1,2025-06-25
ORD10247,Joshua Gonzalez,India,Mumbai,Sofa,Furniture,25000,3,2024-10-09
ORD10248,Sara Yates,Germany,Frankfurt,Jacket,Clothing,3500,5,2026-04-24
ORD10248,Sara Yates,Germany,Frankfurt,Mouse,Electronics,700,1,2026-04-24
ORD10248,Sara Yates,Germany,Frankfurt,SQL Book,Books,750,1,2026-04-24
ORD10249,Charles Williams,Canada,Toronto,Python Book,Books,900,4,2024-11-26
ORD10250,Robert Banks,UK,Manchester,Jeans,Clothing,1800,4,2026-02-26
ORD10251,Michelle White,Germany,Hamburg,Cricket Bat,Sports,2200,4,2026-06-03
ORD10252,Christian Parker,UK,Manchester,Table,Furniture,6000,4,2026-04-05
ORD10252,Christian Parker,UK,Manchester,Monitor,Electronics,12000,1,2026-04-05
ORD10252,Christian Parker,UK,Manchester,Chair,Furniture,2500,3,2026-04-05
ORD10253,James Gonzalez PhD,Germany,Munich,Cricket Bat,Sports,2200,4,2024-07-04
ORD10254,Daniel Mathis,Canada,Vancouver,Jeans,Clothing,1800,4,2026-01-26
ORD10254,Daniel Mathis,Canada,Vancouver,Chair,Furniture,2500,1,2026-01-26
ORD10254,Daniel Mathis,Canada,Vancouver,Chair,Furniture,2500,3,2026-01-26
ORD10255,Joel Randolph,USA,New York,Sofa,Furniture,25000,1,2026-01-03
ORD10255,Joel Randolph,USA,New York,Sofa,Furniture,25000,1,2026-01-03
ORD10256,Frank Lawson,Germany,Berlin,Keyboard,Electronics,1500,5,2025-03-23
ORD10256,Frank Lawson,Germany,Berlin,Jeans,Clothing,1800,5,2025-03-23
ORD10256,Frank Lawson,Germany,Berlin,Chair,Furniture,2500,1,2025-03-23
ORD10257,Peter Rocha,USA,Boston,Python Book,Books,900,4,2025-11-26
ORD10258,Megan Jones,Canada,Toronto,Jeans,Clothing,1800,2,2025-08-22
ORD10258,Megan Jones,Canada,Toronto,Python Book,Books,900,1,2025-08-22
ORD10258,Megan Jones,Canada,Toronto,Table,Furniture,6000,3,2025-08-22
ORD10259,Joy Wu,India,Mumbai,AI Handbook,Books,1200,5,2026-03-27
ORD10260,Tracie Price,Canada,Toronto,Football,Sports,900,5,2026-03-18
ORD10260,Tracie Price,Canada,Toronto,Tennis Racket,Sports,3500,1,2026-03-18
ORD10260,Tracie Price,Canada,Toronto,Jeans,Clothing,1800,2,2026-03-18
ORD10261,Kimberly Watson,USA,Boston,Monitor,Electronics,12000,5,2025-05-04
ORD10261,Kimberly Watson,USA,Boston,Jeans,Clothing,1800,2,2025-05-04
ORD10262,Alexis Smith,USA,Austin,Table,Furniture,6000,4,2026-02-11
ORD10263,Erin Ferrell,USA,Austin,T-Shirt,Clothing,800,4,2025-11-09
ORD10263,Erin Ferrell,USA,Austin,Monitor,Electronics,12000,2,2025-11-09
ORD10264,David Stewart,USA,Chicago,Sofa,Furniture,25000,5,2025-01-09
ORD10265,Brandon Hall,UK,Manchester,Sofa,Furniture,25000,3,2024-12-29
ORD10266,Robert Jones,Germany,Hamburg,Jacket,Clothing,3500,2,2026-04-07
ORD10267,Lisa Sanders,India,Mumbai,AI Handbook,Books,1200,3,2025-10-01
ORD10268,Loretta Hernandez,UK,Manchester,AI Handbook,Books,1200,3,2025-03-29
ORD10268,Loretta Hernandez,UK,Manchester,Sofa,Furniture,25000,5,2025-03-29
ORD10269,John Jones,India,Ahmedabad,Jacket,Clothing,3500,4,2026-02-14
ORD10270,Christine Duncan,Germany,Munich,AI Handbook,Books,1200,1,2024-11-10
ORD10271,Robert Villarreal,Germany,Munich,Football,Sports,900,2,2026-04-10
ORD10272,Tabitha Brown,India,Pune,AI Handbook,Books,1200,2,2025-01-27
ORD10272,Tabitha Brown,India,Pune,Football,Sports,900,5,2025-01-27
ORD10273,Anthony Cox,UK,Manchester,SQL Book,Books,750,5,2025-09-23
ORD10273,Anthony Cox,UK,Manchester,Jeans,Clothing,1800,5,2025-09-23
ORD10274,Christopher Jones,Canada,Toronto,Football,Sports,900,3,2025-05-20
ORD10274,Christopher Jones,Canada,Toronto,Sofa,Furniture,25000,5,2025-05-20
ORD10275,Craig Curtis,Germany,Munich,Sofa,Furniture,25000,4,2024-07-17
ORD10275,Craig Curtis,Germany,Munich,Keyboard,Electronics,1500,4,2024-07-17
ORD10275,Craig Curtis,Germany,Munich,Cricket Bat,Sports,2200,2,2024-07-17
ORD10276,Jennifer Wade,Germany,Frankfurt,Jeans,Clothing,1800,2,2024-12-28
ORD10276,Jennifer Wade,Germany,Frankfurt,Chair,Furniture,2500,3,2024-12-28
ORD10277,Richard Wilkinson,India,Pune,SQL Book,Books,750,3,2026-04-29
ORD10277,Richard Wilkinson,India,Pune,Laptop,Electronics,50000,2,2026-04-29
ORD10277,Richard Wilkinson,India,Pune,Python Book,Books,900,4,2026-04-29
ORD10278,Jessica Greene,USA,Austin,Table,Furniture,6000,4,2026-05-04
ORD10279,Joseph Hays DDS,Canada,Toronto,Keyboard,Electronics,1500,5,2026-06-15
ORD10279,Joseph Hays DDS,Canada,Toronto,Sofa,Furniture,25000,5,2026-06-15
ORD10279,Joseph Hays DDS,Canada,Toronto,Jeans,Clothing,1800,1,2026-06-15
ORD10280,Robert Duran,Germany,Berlin,Chair,Furniture,2500,4,2026-06-06
ORD10280,Robert Duran,Germany,Berlin,Chair,Furniture,2500,5,2026-06-06
ORD10281,Ana Kelly,USA,Boston,Table,Furniture,6000,3,2024-07-24
ORD10281,Ana Kelly,USA,Boston,AI Handbook,Books,1200,5,2024-07-24
ORD10281,Ana Kelly,USA,Boston,AI Handbook,Books,1200,4,2024-07-24
ORD10282,Robert Peters,India,Pune,Monitor,Electronics,12000,4,2026-06-09
ORD10282,Robert Peters,India,Pune,Cricket Bat,Sports,2200,4,2026-06-09
ORD10282,Robert Peters,India,Pune,AI Handbook,Books,1200,4,2026-06-09
ORD10283,Francisco Smith,USA,Chicago,AI Handbook,Books,1200,5,2026-03-26
ORD10283,Francisco Smith,USA,Chicago,Mouse,Electronics,700,4,2026-03-26
ORD10284,Walter Jones,India,Delhi,Table,Furniture,6000,5,2024-10-27
ORD10284,Walter Jones,India,Delhi,SQL Book,Books,750,2,2024-10-27
ORD10285,Darren Mayo,Germany,Munich,Chair,Furniture,2500,3,2025-08-19
ORD10285,Darren Mayo,Germany,Munich,Keyboard,Electronics,1500,1,2025-08-19
ORD10285,Darren Mayo,Germany,Munich,Sofa,Furniture,25000,5,2025-08-19
ORD10286,Nicole Perez,UK,London,T-Shirt,Clothing,800,1,2026-02-17
ORD10286,Nicole Perez,UK,London,Football,Sports,900,5,2026-02-17
ORD10287,Christine Kennedy,UK,Leeds,Jacket,Clothing,3500,4,2026-06-09
ORD10288,Jennifer Miller,USA,Austin,Sofa,Furniture,25000,2,2026-01-07
ORD10288,Jennifer Miller,USA,Austin,T-Shirt,Clothing,800,1,2026-01-07
ORD10288,Jennifer Miller,USA,Austin,Keyboard,Electronics,1500,4,2026-01-07
ORD10289,David Barnett,Germany,Frankfurt,Tennis Racket,Sports,3500,1,2024-11-05
ORD10289,David Barnett,Germany,Frankfurt,Mouse,Electronics,700,5,2024-11-05
ORD10290,Hunter Pearson,Germany,Berlin,Football,Sports,900,2,2026-01-16
ORD10290,Hunter Pearson,Germany,Berlin,Chair,Furniture,2500,4,2026-01-16
ORD10290,Hunter Pearson,Germany,Berlin,Tennis Racket,Sports,3500,2,2026-01-16
ORD10291,Michael Miller,USA,Chicago,SQL Book,Books,750,2,2025-07-14
ORD10291,Michael Miller,USA,Chicago,Sofa,Furniture,25000,2,2025-07-14
ORD10291,Michael Miller,USA,Chicago,Chair,Furniture,2500,5,2025-07-14
ORD10292,Susan Robinson,India,Surat,Sofa,Furniture,25000,1,2025-12-17
ORD10292,Susan Robinson,India,Surat,SQL Book,Books,750,5,2025-12-17
ORD10292,Susan Robinson,India,Surat,Mouse,Electronics,700,5,2025-12-17
ORD10293,Edward Jones,USA,Boston,T-Shirt,Clothing,800,3,2025-07-01
ORD10294,Michelle Miller,USA,Seattle,Cricket Bat,Sports,2200,4,2026-01-18
ORD10295,Timothy Brooks,India,Delhi,Keyboard,Electronics,1500,3,2024-07-19
ORD10295,Timothy Brooks,India,Delhi,Football,Sports,900,4,2024-07-19
ORD10296,Jacob Frank,India,Ahmedabad,Mouse,Electronics,700,4,2025-07-31
ORD10296,Jacob Frank,India,Ahmedabad,Cricket Bat,Sports,2200,1,2025-07-31
ORD10297,Kimberly Walton,USA,Seattle,Chair,Furniture,2500,4,2024-11-16
ORD10297,Kimberly Walton,USA,Seattle,Jacket,Clothing,3500,1,2024-11-16
ORD10298,Katrina Branch,Canada,Vancouver,Jeans,Clothing,1800,3,2024-11-30
ORD10298,Katrina Branch,Canada,Vancouver,Tennis Racket,Sports,3500,2,2024-11-30
ORD10298,Katrina Branch,Canada,Vancouver,Jeans,Clothing,1800,5,2024-11-30
ORD10299,Tara Watkins,India,Surat,Table,Furniture,6000,1,2026-02-16
ORD10300,Kelly Gallegos,Germany,Hamburg,Tennis Racket,Sports,3500,2,2025-04-18
ORD10300,Kelly Gallegos,Germany,Hamburg,AI Handbook,Books,1200,3,2025-04-18
ORD10301,Bryan Hopkins,USA,Austin,Laptop,Electronics,50000,4,2024-11-16
ORD10302,Stephanie Salas,UK,Leeds,Laptop,Electronics,50000,2,2026-02-23
ORD10303,Dawn Maldonado,USA,Seattle,Sofa,Furniture,25000,1,2025-12-20
ORD10304,Anna Smith,India,Delhi,Jeans,Clothing,1800,4,2025-12-11
ORD10305,Devin Schmidt,USA,Chicago,SQL Book,Books,750,3,2026-04-06
ORD10306,Christine Williams,India,Delhi,Python Book,Books,900,5,2024-10-31
ORD10306,Christine Williams,India,Delhi,T-Shirt,Clothing,800,1,2024-10-31
ORD10307,Michael Rivera,India,Mumbai,Jacket,Clothing,3500,3,2024-09-26
ORD10307,Michael Rivera,India,Mumbai,Table,Furniture,6000,5,2024-09-26
ORD10307,Michael Rivera,India,Mumbai,Python Book,Books,900,3,2024-09-26
ORD10308,James Odonnell,USA,Seattle,Laptop,Electronics,50000,3,2025-12-04
ORD10308,James Odonnell,USA,Seattle,Jacket,Clothing,3500,5,2025-12-04
ORD10309,Douglas Leach,Germany,Munich,Jacket,Clothing,3500,2,2024-11-25
ORD10309,Douglas Leach,Germany,Munich,Jeans,Clothing,1800,2,2024-11-25
ORD10310,Barbara Yang,Germany,Frankfurt,SQL Book,Books,750,1,2025-02-13
ORD10310,Barbara Yang,Germany,Frankfurt,Table,Furniture,6000,4,2025-02-13
ORD10310,Barbara Yang,Germany,Frankfurt,Chair,Furniture,2500,5,2025-02-13
ORD10311,Christopher Johnson,USA,Boston,Jeans,Clothing,1800,1,2025-10-24
ORD10312,Joshua Patrick,USA,Seattle,SQL Book,Books,750,3,2024-07-01
ORD10312,Joshua Patrick,USA,Seattle,Jacket,Clothing,3500,4,2024-07-01
ORD10312,Joshua Patrick,USA,Seattle,Python Book,Books,900,2,2024-07-01
ORD10313,Pedro Scott,USA,Boston,Python Book,Books,900,4,2025-05-01
ORD10313,Pedro Scott,USA,Boston,SQL Book,Books,750,5,2025-05-01
ORD10314,Joseph Patterson,UK,Leeds,T-Shirt,Clothing,800,4,2026-02-09
ORD10315,Aaron Robinson,Germany,Frankfurt,Mouse,Electronics,700,4,2024-09-19
ORD10316,Jennifer Lee,Germany,Munich,Football,Sports,900,3,2025-10-04
ORD10316,Jennifer Lee,Germany,Munich,Tennis Racket,Sports,3500,1,2025-10-04
ORD10316,Jennifer Lee,Germany,Munich,SQL Book,Books,750,3,2025-10-04
ORD10317,Stephanie Young,Canada,Toronto,Keyboard,Electronics,1500,1,2024-11-08
ORD10317,Stephanie Young,Canada,Toronto,T-Shirt,Clothing,800,1,2024-11-08
ORD10318,Kathryn Reid,UK,Manchester,T-Shirt,Clothing,800,3,2024-11-26
ORD10319,Christopher Rodriguez,UK,Birmingham,Mouse,Electronics,700,2,2024-10-14
ORD10320,Beth Long DDS,India,Mumbai,Keyboard,Electronics,1500,2,2026-06-08
ORD10321,Kayla Peterson,Canada,Vancouver,Football,Sports,900,5,2025-12-16
ORD10321,Kayla Peterson,Canada,Vancouver,Jeans,Clothing,1800,2,2025-12-16
ORD10321,Kayla Peterson,Canada,Vancouver,Football,Sports,900,1,2025-12-16
ORD10322,John Carter,USA,Boston,Python Book,Books,900,3,2026-01-22
ORD10322,John Carter,USA,Boston,Mouse,Electronics,700,3,2026-01-22
ORD10323,Vanessa Wheeler,Germany,Munich,Python Book,Books,900,5,2024-08-27
ORD10324,Madeline Waters,UK,Birmingham,Sofa,Furniture,25000,2,2024-08-25
ORD10324,Madeline Waters,UK,Birmingham,Jeans,Clothing,1800,3,2024-08-25
ORD10324,Madeline Waters,UK,Birmingham,SQL Book,Books,750,5,2024-08-25
ORD10325,Krista Morgan,India,Mumbai,Jacket,Clothing,3500,1,2025-09-27
ORD10325,Krista Morgan,India,Mumbai,Table,Furniture,6000,3,2025-09-27
ORD10325,Krista Morgan,India,Mumbai,Tennis Racket,Sports,3500,3,2025-09-27
ORD10326,Alyssa Kelly,USA,New York,T-Shirt,Clothing,800,4,2026-03-12
ORD10326,Alyssa Kelly,USA,New York,Table,Furniture,6000,5,2026-03-12
ORD10327,Randy Garcia,Canada,Toronto,Table,Furniture,6000,2,2025-11-18
ORD10327,Randy Garcia,Canada,Toronto,Jacket,Clothing,3500,2,2025-11-18
ORD10328,Joseph Wood,India,Delhi,Mouse,Electronics,700,2,2024-09-29
ORD10329,Craig Owens,Canada,Toronto,Python Book,Books,900,5,2025-05-14
ORD10329,Craig Owens,Canada,Toronto,Table,Furniture,6000,1,2025-05-14
ORD10329,Craig Owens,Canada,Toronto,Jeans,Clothing,1800,3,2025-05-14
ORD10330,Shelby Johnson,UK,London,Jacket,Clothing,3500,2,2025-09-22
ORD10331,Dawn Liu,India,Surat,SQL Book,Books,750,2,2025-04-16
ORD10331,Dawn Liu,India,Surat,Monitor,Electronics,12000,5,2025-04-16
ORD10332,Michael Edwards,Germany,Hamburg,Table,Furniture,6000,3,2025-03-23
ORD10333,Jacob Morgan,Canada,Calgary,Keyboard,Electronics,1500,3,2025-12-30
ORD10333,Jacob Morgan,Canada,Calgary,SQL Book,Books,750,1,2025-12-30
ORD10333,Jacob Morgan,Canada,Calgary,T-Shirt,Clothing,800,3,2025-12-30
ORD10334,Jeffery Barrett,UK,London,Python Book,Books,900,3,2024-11-26
ORD10335,Ashley Garcia DDS,USA,Chicago,Table,Furniture,6000,4,2026-04-20
ORD10335,Ashley Garcia DDS,USA,Chicago,Tennis Racket,Sports,3500,1,2026-04-20
ORD10336,Adam Webb,UK,Manchester,Keyboard,Electronics,1500,4,2024-11-10
ORD10337,David Wood,Germany,Munich,Jacket,Clothing,3500,3,2024-09-14
ORD10338,Kevin Mitchell,USA,New York,Football,Sports,900,3,2024-11-18
ORD10338,Kevin Mitchell,USA,New York,Sofa,Furniture,25000,3,2024-11-18
ORD10339,Mark Booker,Germany,Hamburg,Cricket Bat,Sports,2200,5,2024-12-17
ORD10339,Mark Booker,Germany,Hamburg,Mouse,Electronics,700,2,2024-12-17
ORD10339,Mark Booker,Germany,Hamburg,Monitor,Electronics,12000,3,2024-12-17
ORD10340,Ryan Green,UK,Manchester,Football,Sports,900,3,2024-12-20
ORD10341,Pamela Lopez,India,Pune,Jacket,Clothing,3500,2,2025-12-17
ORD10342,Tonya Simmons,Canada,Vancouver,SQL Book,Books,750,2,2025-01-17
ORD10342,Tonya Simmons,Canada,Vancouver,Table,Furniture,6000,3,2025-01-17
ORD10342,Tonya Simmons,Canada,Vancouver,Table,Furniture,6000,4,2025-01-17
ORD10343,Brian Moreno,India,Ahmedabad,Jeans,Clothing,1800,4,2025-07-05
ORD10343,Brian Moreno,India,Ahmedabad,T-Shirt,Clothing,800,1,2025-07-05
ORD10343,Brian Moreno,India,Ahmedabad,SQL Book,Books,750,5,2025-07-05
ORD10344,Michael Williamson,Canada,Vancouver,T-Shirt,Clothing,800,2,2024-08-22
ORD10344,Michael Williamson,Canada,Vancouver,Football,Sports,900,5,2024-08-22
ORD10344,Michael Williamson,Canada,Vancouver,Jacket,Clothing,3500,5,2024-08-22
ORD10345,Bradley Jefferson,USA,Chicago,Tennis Racket,Sports,3500,3,2025-03-13
ORD10345,Bradley Jefferson,USA,Chicago,Table,Furniture,6000,2,2025-03-13
ORD10346,Michelle Jackson,UK,London,Monitor,Electronics,12000,3,2026-01-09
ORD10346,Michelle Jackson,UK,London,Tennis Racket,Sports,3500,1,2026-01-09
ORD10347,Allen Smith,USA,Austin,T-Shirt,Clothing,800,4,2024-09-12
ORD10347,Allen Smith,USA,Austin,Keyboard,Electronics,1500,5,2024-09-12
ORD10347,Allen Smith,USA,Austin,SQL Book,Books,750,2,2024-09-12
ORD10348,Jermaine Velazquez,India,Surat,AI Handbook,Books,1200,3,2026-04-09
ORD10348,Jermaine Velazquez,India,Surat,Jacket,Clothing,3500,2,2026-04-09
ORD10349,Shawn Hernandez,UK,London,Sofa,Furniture,25000,1,2026-05-09
ORD10350,Michelle Reynolds,India,Delhi,Football,Sports,900,3,2026-06-04
ORD10350,Michelle Reynolds,India,Delhi,Jeans,Clothing,1800,2,2026-06-04
ORD10350,Michelle Reynolds,India,Delhi,Cricket Bat,Sports,2200,1,2026-06-04
ORD10351,Jessica Green,UK,Manchester,Jacket,Clothing,3500,2,2024-06-27
ORD10351,Jessica Green,UK,Manchester,Laptop,Electronics,50000,1,2024-06-27
ORD10352,Andrew Meyer,USA,New York,Sofa,Furniture,25000,5,2025-01-25
ORD10352,Andrew Meyer,USA,New York,Jacket,Clothing,3500,2,2025-01-25
ORD10353,Marie Erickson,UK,Manchester,T-Shirt,Clothing,800,5,2025-05-27
ORD10353,Marie Erickson,UK,Manchester,Sofa,Furniture,25000,3,2025-05-27
ORD10353,Marie Erickson,UK,Manchester,Football,Sports,900,3,2025-05-27
ORD10354,Lori Brown,Germany,Frankfurt,Cricket Bat,Sports,2200,5,2025-07-04
ORD10354,Lori Brown,Germany,Frankfurt,Python Book,Books,900,1,2025-07-04
ORD10354,Lori Brown,Germany,Frankfurt,Sofa,Furniture,25000,3,2025-07-04
ORD10355,Cameron Goodwin,Canada,Vancouver,Python Book,Books,900,4,2025-04-04
ORD10356,Jill Richardson,USA,New York,Python Book,Books,900,1,2025-08-04
ORD10357,Amy Ross,UK,Manchester,Chair,Furniture,2500,4,2025-08-02
ORD10358,Gabrielle Parker,India,Pune,SQL Book,Books,750,2,2024-10-28
ORD10359,John Watson,Germany,Frankfurt,Python Book,Books,900,4,2025-11-15
ORD10359,John Watson,Germany,Frankfurt,Jacket,Clothing,3500,2,2025-11-15
ORD10360,Jean Morgan,Germany,Hamburg,Sofa,Furniture,25000,5,2025-11-27
ORD10360,Jean Morgan,Germany,Hamburg,Keyboard,Electronics,1500,2,2025-11-27
ORD10360,Jean Morgan,Germany,Hamburg,T-Shirt,Clothing,800,3,2025-11-27
ORD10361,Dan Jimenez,Germany,Frankfurt,Cricket Bat,Sports,2200,3,2025-12-08
ORD10361,Dan Jimenez,Germany,Frankfurt,T-Shirt,Clothing,800,3,2025-12-08
ORD10361,Dan Jimenez,Germany,Frankfurt,Python Book,Books,900,3,2025-12-08
ORD10362,Nicholas Green,UK,London,Keyboard,Electronics,1500,4,2025-11-30
ORD10362,Nicholas Green,UK,London,AI Handbook,Books,1200,2,2025-11-30
ORD10362,Nicholas Green,UK,London,Chair,Furniture,2500,3,2025-11-30
ORD10363,Richard Fuller,UK,Birmingham,Python Book,Books,900,5,2025-07-03
ORD10363,Richard Fuller,UK,Birmingham,Jeans,Clothing,1800,5,2025-07-03
ORD10364,Amanda Mcintyre,USA,New York,Football,Sports,900,1,2026-01-18
ORD10365,Kendra Nixon,UK,Manchester,T-Shirt,Clothing,800,4,2025-11-11
ORD10365,Kendra Nixon,UK,Manchester,Mouse,Electronics,700,5,2025-11-11
ORD10366,Johnathan Carpenter MD,USA,Seattle,SQL Book,Books,750,3,2026-02-06
ORD10366,Johnathan Carpenter MD,USA,Seattle,Jacket,Clothing,3500,5,2026-02-06
ORD10366,Johnathan Carpenter MD,USA,Seattle,Jacket,Clothing,3500,3,2026-02-06
ORD10367,Angela Jones,India,Mumbai,AI Handbook,Books,1200,4,2024-07-09
ORD10367,Angela Jones,India,Mumbai,Monitor,Electronics,12000,4,2024-07-09
ORD10368,Breanna White,India,Surat,Sofa,Furniture,25000,4,2025-08-20
ORD10368,Breanna White,India,Surat,Tennis Racket,Sports,3500,5,2025-08-20
ORD10368,Breanna White,India,Surat,T-Shirt,Clothing,800,3,2025-08-20
ORD10369,Kristen Walker,Germany,Hamburg,Mouse,Electronics,700,3,2026-02-07
ORD10369,Kristen Walker,Germany,Hamburg,Sofa,Furniture,25000,3,2026-02-07
ORD10369,Kristen Walker,Germany,Hamburg,Table,Furniture,6000,3,2026-02-07
ORD10370,Kimberly Perez,UK,Leeds,Tennis Racket,Sports,3500,4,2025-06-04
ORD10370,Kimberly Perez,UK,Leeds,SQL Book,Books,750,2,2025-06-04
ORD10370,Kimberly Perez,UK,Leeds,Jacket,Clothing,3500,4,2025-06-04
ORD10371,Megan Vance,USA,Chicago,Cricket Bat,Sports,2200,3,2026-02-20
ORD10372,Alexandria Butler,UK,Manchester,Tennis Racket,Sports,3500,1,2026-04-10
ORD10372,Alexandria Butler,UK,Manchester,Jacket,Clothing,3500,5,2026-04-10
ORD10372,Alexandria Butler,UK,Manchester,Jacket,Clothing,3500,2,2026-04-10
ORD10373,David Nelson,Canada,Toronto,Monitor,Electronics,12000,2,2026-06-14
ORD10373,David Nelson,Canada,Toronto,Python Book,Books,900,2,2026-06-14
ORD10374,Sarah Sandoval,Germany,Berlin,Tennis Racket,Sports,3500,4,2025-09-28
ORD10374,Sarah Sandoval,Germany,Berlin,T-Shirt,Clothing,800,5,2025-09-28
ORD10375,Todd Hunter,Germany,Frankfurt,AI Handbook,Books,1200,2,2025-10-17
ORD10375,Todd Hunter,Germany,Frankfurt,Jacket,Clothing,3500,4,2025-10-17
ORD10376,Brittany Miller,USA,Seattle,T-Shirt,Clothing,800,1,2025-03-13
ORD10377,Kevin Long,Canada,Vancouver,Cricket Bat,Sports,2200,5,2025-10-11
ORD10377,Kevin Long,Canada,Vancouver,AI Handbook,Books,1200,3,2025-10-11
ORD10377,Kevin Long,Canada,Vancouver,SQL Book,Books,750,3,2025-10-11
ORD10378,Peter Carney,UK,London,Monitor,Electronics,12000,2,2025-05-03
ORD10379,Patricia Giles,UK,London,T-Shirt,Clothing,800,5,2025-04-11
ORD10379,Patricia Giles,UK,London,Chair,Furniture,2500,3,2025-04-11
ORD10379,Patricia Giles,UK,London,Table,Furniture,6000,1,2025-04-11
ORD10380,Kristina Brown,Germany,Frankfurt,Chair,Furniture,2500,1,2026-05-14
ORD10380,Kristina Brown,Germany,Frankfurt,Tennis Racket,Sports,3500,3,2026-05-14
ORD10381,Lauren Grant,Germany,Hamburg,Mouse,Electronics,700,5,2026-02-01
ORD10381,Lauren Grant,Germany,Hamburg,Table,Furniture,6000,2,2026-02-01
ORD10381,Lauren Grant,Germany,Hamburg,Monitor,Electronics,12000,4,2026-02-01
ORD10382,Danny Myers,USA,Chicago,Table,Furniture,6000,2,2024-09-11
ORD10383,Douglas Cooper,UK,Leeds,Chair,Furniture,2500,4,2025-06-04
ORD10383,Douglas Cooper,UK,Leeds,Chair,Furniture,2500,4,2025-06-04
ORD10384,Lindsay Martin DDS,USA,Seattle,Python Book,Books,900,5,2025-06-21
ORD10384,Lindsay Martin DDS,USA,Seattle,T-Shirt,Clothing,800,4,2025-06-21
ORD10385,Seth Villa,UK,London,Python Book,Books,900,3,2025-02-11
ORD10385,Seth Villa,UK,London,Keyboard,Electronics,1500,4,2025-02-11
ORD10386,Marcus Cummings,UK,Birmingham,Tennis Racket,Sports,3500,3,2024-11-18
ORD10386,Marcus Cummings,UK,Birmingham,Laptop,Electronics,50000,5,2024-11-18
ORD10387,Teresa Maynard,India,Pune,Tennis Racket,Sports,3500,1,2025-02-21
ORD10387,Teresa Maynard,India,Pune,Python Book,Books,900,1,2025-02-21
ORD10387,Teresa Maynard,India,Pune,Tennis Racket,Sports,3500,3,2025-02-21
ORD10388,Erin Martin,Canada,Toronto,Jacket,Clothing,3500,5,2025-01-04
ORD10388,Erin Martin,Canada,Toronto,Keyboard,Electronics,1500,1,2025-01-04
ORD10389,Samantha Bell,India,Ahmedabad,Jeans,Clothing,1800,5,2024-09-01
ORD10389,Samantha Bell,India,Ahmedabad,Table,Furniture,6000,4,2024-09-01
ORD10389,Samantha Bell,India,Ahmedabad,Monitor,Electronics,12000,1,2024-09-01
ORD10390,Joseph Edwards,Germany,Hamburg,Cricket Bat,Sports,2200,5,2024-10-09
ORD10390,Joseph Edwards,Germany,Hamburg,Sofa,Furniture,25000,1,2024-10-09
ORD10391,Joseph Shepherd,UK,Leeds,Jeans,Clothing,1800,5,2026-01-05
ORD10391,Joseph Shepherd,UK,Leeds,Chair,Furniture,2500,3,2026-01-05
ORD10391,Joseph Shepherd,UK,Leeds,Table,Furniture,6000,5,2026-01-05
ORD10392,Rebecca Sosa,India,Delhi,Chair,Furniture,2500,1,2024-12-22
ORD10393,Daniel Brown,USA,Boston,Python Book,Books,900,5,2026-04-22
ORD10393,Daniel Brown,USA,Boston,Chair,Furniture,2500,2,2026-04-22
ORD10393,Daniel Brown,USA,Boston,Keyboard,Electronics,1500,4,2026-04-22
ORD10394,Dennis Munoz,USA,Seattle,SQL Book,Books,750,5,2024-07-28
ORD10394,Dennis Munoz,USA,Seattle,Laptop,Electronics,50000,2,2024-07-28
ORD10394,Dennis Munoz,USA,Seattle,SQL Book,Books,750,1,2024-07-28
ORD10395,Dillon Juarez,USA,Seattle,Sofa,Furniture,25000,4,2025-09-10
ORD10395,Dillon Juarez,USA,Seattle,Jacket,Clothing,3500,1,2025-09-10
ORD10396,Diamond Adams,Canada,Toronto,Monitor,Electronics,12000,5,2025-10-09
ORD10396,Diamond Adams,Canada,Toronto,Keyboard,Electronics,1500,4,2025-10-09
ORD10397,Ricky Goodwin,USA,Seattle,Jeans,Clothing,1800,3,2024-10-18
ORD10398,Glenn Vincent,Germany,Hamburg,Chair,Furniture,2500,2,2024-07-26
ORD10399,Abigail Cohen,Canada,Vancouver,Python Book,Books,900,5,2025-11-20
ORD10399,Abigail Cohen,Canada,Vancouver,Cricket Bat,Sports,2200,2,2025-11-20
ORD10400,Timothy Boyd,Canada,Toronto,Cricket Bat,Sports,2200,2,2025-09-09
ORD10401,Hailey Powers,Canada,Toronto,Jeans,Clothing,1800,5,2025-01-05
ORD10401,Hailey Powers,Canada,Toronto,Monitor,Electronics,12000,5,2025-01-05
ORD10401,Hailey Powers,Canada,Toronto,AI Handbook,Books,1200,5,2025-01-05
ORD10402,Sarah Burke,UK,Leeds,Laptop,Electronics,50000,4,2025-11-03
ORD10402,Sarah Burke,UK,Leeds,Table,Furniture,6000,1,2025-11-03
ORD10402,Sarah Burke,UK,Leeds,AI Handbook,Books,1200,4,2025-11-03
ORD10403,Matthew Jenkins,Canada,Calgary,Keyboard,Electronics,1500,2,2025-05-15
ORD10404,Angela Taylor,Canada,Toronto,Table,Furniture,6000,3,2024-07-03
ORD10405,Phillip Burton,Canada,Calgary,Cricket Bat,Sports,2200,4,2026-01-12
ORD10406,Sherri Carter,UK,Manchester,Mouse,Electronics,700,2,2025-03-04
ORD10406,Sherri Carter,UK,Manchester,Sofa,Furniture,25000,4,2025-03-04
ORD10406,Sherri Carter,UK,Manchester,SQL Book,Books,750,5,2025-03-04
ORD10407,Kenneth White,UK,Birmingham,Jeans,Clothing,1800,5,2025-08-17
ORD10407,Kenneth White,UK,Birmingham,Jeans,Clothing,1800,2,2025-08-17
ORD10407,Kenneth White,UK,Birmingham,Monitor,Electronics,12000,4,2025-08-17
ORD10408,Leonard Simpson,USA,Chicago,Mouse,Electronics,700,2,2024-08-24
ORD10408,Leonard Simpson,USA,Chicago,Python Book,Books,900,5,2024-08-24
ORD10409,Jennifer Harris,USA,Austin,Jacket,Clothing,3500,4,2026-06-14
ORD10410,Ian Jones,Canada,Vancouver,Cricket Bat,Sports,2200,5,2025-04-02
ORD10411,Nancy Little,USA,New York,Python Book,Books,900,4,2025-11-11
ORD10411,Nancy Little,USA,New York,T-Shirt,Clothing,800,1,2025-11-11
ORD10411,Nancy Little,USA,New York,SQL Book,Books,750,4,2025-11-11
ORD10412,Amy Harris,India,Ahmedabad,Table,Furniture,6000,3,2025-06-29
ORD10413,Paul Perez,Canada,Toronto,Chair,Furniture,2500,2,2024-07-20
ORD10414,Jose Edwards,USA,Austin,Chair,Furniture,2500,1,2024-12-29
ORD10414,Jose Edwards,USA,Austin,Keyboard,Electronics,1500,2,2024-12-29
ORD10415,Laura Whitehead,India,Surat,Laptop,Electronics,50000,2,2024-10-07
ORD10416,Jonathan Mann,India,Surat,Chair,Furniture,2500,5,2024-07-12
ORD10417,Dennis Baker,Germany,Frankfurt,SQL Book,Books,750,3,2024-07-11
ORD10418,Christopher Nichols,UK,Manchester,Tennis Racket,Sports,3500,2,2024-11-23
ORD10418,Christopher Nichols,UK,Manchester,Chair,Furniture,2500,4,2024-11-23
ORD10419,Dana Harrison,Germany,Frankfurt,SQL Book,Books,750,2,2025-03-31
ORD10420,Ann Pham,UK,Manchester,Jeans,Clothing,1800,4,2025-09-04
ORD10421,Jill Kelly,UK,Birmingham,Python Book,Books,900,4,2025-08-19
ORD10422,Russell Brown,Germany,Hamburg,Monitor,Electronics,12000,5,2024-09-09
ORD10423,Debbie Molina,India,Delhi,Table,Furniture,6000,1,2025-09-30
ORD10423,Debbie Molina,India,Delhi,Monitor,Electronics,12000,4,2025-09-30
ORD10423,Debbie Molina,India,Delhi,SQL Book,Books,750,4,2025-09-30
ORD10424,Daniel Perez,Germany,Hamburg,Table,Furniture,6000,5,2025-08-31
ORD10424,Daniel Perez,Germany,Hamburg,Table,Furniture,6000,5,2025-08-31
ORD10424,Daniel Perez,Germany,Hamburg,T-Shirt,Clothing,800,3,2025-08-31
ORD10425,Kevin Turner,India,Delhi,Chair,Furniture,2500,2,2025-02-08
ORD10425,Kevin Turner,India,Delhi,T-Shirt,Clothing,800,4,2025-02-08
ORD10426,Holly Neal,India,Ahmedabad,Sofa,Furniture,25000,1,2025-12-09
ORD10426,Holly Neal,India,Ahmedabad,Tennis Racket,Sports,3500,4,2025-12-09
ORD10426,Holly Neal,India,Ahmedabad,Football,Sports,900,2,2025-12-09
ORD10427,Todd Bryant,UK,London,Keyboard,Electronics,1500,1,2025-01-24
ORD10427,Todd Bryant,UK,London,Mouse,Electronics,700,3,2025-01-24
ORD10428,Margaret Mccall,Germany,Munich,Sofa,Furniture,25000,5,2026-04-25
ORD10428,Margaret Mccall,Germany,Munich,Jacket,Clothing,3500,4,2026-04-25
ORD10429,Whitney Lee,Canada,Calgary,Tennis Racket,Sports,3500,2,2024-08-11
ORD10430,Darin Valencia,India,Delhi,Tennis Racket,Sports,3500,3,2025-06-04
ORD10430,Darin Valencia,India,Delhi,Table,Furniture,6000,3,2025-06-04
ORD10430,Darin Valencia,India,Delhi,T-Shirt,Clothing,800,1,2025-06-04
ORD10431,Jonathan Lopez,Canada,Vancouver,Football,Sports,900,4,2024-12-01
ORD10431,Jonathan Lopez,Canada,Vancouver,Jacket,Clothing,3500,1,2024-12-01
ORD10431,Jonathan Lopez,Canada,Vancouver,Sofa,Furniture,25000,5,2024-12-01
ORD10432,Mark Wilkins,UK,Leeds,Keyboard,Electronics,1500,3,2025-10-06
ORD10433,Henry Fuller,Canada,Montreal,Tennis Racket,Sports,3500,3,2026-05-02
ORD10433,Henry Fuller,Canada,Montreal,AI Handbook,Books,1200,4,2026-05-02
ORD10434,Cindy Jacobs,India,Surat,Sofa,Furniture,25000,4,2024-10-03
ORD10434,Cindy Jacobs,India,Surat,Sofa,Furniture,25000,2,2024-10-03
ORD10434,Cindy Jacobs,India,Surat,Jeans,Clothing,1800,4,2024-10-03
ORD10435,Derek Curtis,Germany,Hamburg,Cricket Bat,Sports,2200,5,2025-02-04
ORD10435,Derek Curtis,Germany,Hamburg,Mouse,Electronics,700,4,2025-02-04
ORD10436,David Wade,USA,New York,Keyboard,Electronics,1500,2,2025-12-14
ORD10436,David Wade,USA,New York,Python Book,Books,900,3,2025-12-14
ORD10437,Teresa Lopez,USA,New York,Football,Sports,900,3,2024-07-23
ORD10437,Teresa Lopez,USA,New York,AI Handbook,Books,1200,3,2024-07-23
ORD10438,Blake Williams,UK,London,Sofa,Furniture,25000,2,2026-05-22
ORD10439,Destiny Pratt,UK,London,Sofa,Furniture,25000,1,2026-04-10
ORD10439,Destiny Pratt,UK,London,Mouse,Electronics,700,2,2026-04-10
ORD10440,Michael Cooper,UK,Birmingham,Table,Furniture,6000,1,2026-05-06
ORD10440,Michael Cooper,UK,Birmingham,AI Handbook,Books,1200,5,2026-05-06
ORD10440,Michael Cooper,UK,Birmingham,Mouse,Electronics,700,3,2026-05-06
ORD10441,Jill Atkins,Germany,Munich,Monitor,Electronics,12000,5,2024-07-19
ORD10441,Jill Atkins,Germany,Munich,Cricket Bat,Sports,2200,2,2024-07-19
ORD10442,Laura Brown,Germany,Munich,T-Shirt,Clothing,800,5,2024-12-22
ORD10443,Bobby Vance,India,Pune,T-Shirt,Clothing,800,2,2025-11-27
ORD10443,Bobby Vance,India,Pune,Laptop,Electronics,50000,3,2025-11-27
ORD10444,Gabriel Ashley,UK,Birmingham,Keyboard,Electronics,1500,2,2025-05-10
ORD10445,Julie Richardson,USA,Seattle,AI Handbook,Books,1200,1,2026-02-09
ORD10445,Julie Richardson,USA,Seattle,Python Book,Books,900,4,2026-02-09
ORD10445,Julie Richardson,USA,Seattle,Chair,Furniture,2500,1,2026-02-09
ORD10446,Martin Bush,UK,Birmingham,Tennis Racket,Sports,3500,4,2025-10-19
ORD10446,Martin Bush,UK,Birmingham,Sofa,Furniture,25000,1,2025-10-19
ORD10447,Zachary Barker,USA,New York,Football,Sports,900,4,2026-06-12
ORD10447,Zachary Barker,USA,New York,T-Shirt,Clothing,800,5,2026-06-12
ORD10448,Sarah Cruz,USA,Chicago,T-Shirt,Clothing,800,4,2024-12-24
ORD10449,Chad Tucker,Canada,Montreal,T-Shirt,Clothing,800,5,2025-04-26
ORD10450,Jason Villa,Germany,Hamburg,Laptop,Electronics,50000,4,2025-11-20
ORD10450,Jason Villa,Germany,Hamburg,Monitor,Electronics,12000,4,2025-11-20
ORD10450,Jason Villa,Germany,Hamburg,SQL Book,Books,750,3,2025-11-20
ORD10451,Jacob Simpson,India,Delhi,Mouse,Electronics,700,5,2024-07-10
ORD10451,Jacob Simpson,India,Delhi,Laptop,Electronics,50000,2,2024-07-10
ORD10452,Patricia Smith,India,Mumbai,Jacket,Clothing,3500,1,2025-08-13
ORD10452,Patricia Smith,India,Mumbai,Mouse,Electronics,700,2,2025-08-13
ORD10452,Patricia Smith,India,Mumbai,Keyboard,Electronics,1500,5,2025-08-13
ORD10453,Daniel Brooks,India,Mumbai,Jacket,Clothing,3500,5,2026-05-08
ORD10453,Daniel Brooks,India,Mumbai,Monitor,Electronics,12000,1,2026-05-08
ORD10453,Daniel Brooks,India,Mumbai,T-Shirt,Clothing,800,4,2026-05-08
ORD10454,Sue Stephens,India,Delhi,Cricket Bat,Sports,2200,5,2025-01-09
ORD10455,Brandy Williams,Canada,Toronto,Cricket Bat,Sports,2200,4,2025-11-03
ORD10455,Brandy Williams,Canada,Toronto,Sofa,Furniture,25000,5,2025-11-03
ORD10456,Rebecca Mccoy,India,Pune,AI Handbook,Books,1200,3,2024-09-05
ORD10457,Jason Cunningham,Canada,Montreal,T-Shirt,Clothing,800,2,2026-04-29
ORD10458,Sherri Vazquez,Canada,Toronto,Tennis Racket,Sports,3500,3,2025-08-26
ORD10459,Shelby Holt,Canada,Vancouver,Jeans,Clothing,1800,1,2024-07-20
ORD10460,Trevor Kent,Canada,Vancouver,T-Shirt,Clothing,800,3,2024-12-07
ORD10460,Trevor Kent,Canada,Vancouver,Cricket Bat,Sports,2200,4,2024-12-07
ORD10461,Hunter Lowe,USA,Boston,Monitor,Electronics,12000,2,2024-07-01
ORD10462,Denise Holmes,Germany,Berlin,Python Book,Books,900,3,2025-09-19
ORD10462,Denise Holmes,Germany,Berlin,Football,Sports,900,4,2025-09-19
ORD10463,Amber Montes,UK,Leeds,Table,Furniture,6000,1,2024-12-18
ORD10464,Kristina Hughes,USA,New York,Jacket,Clothing,3500,2,2025-06-23
ORD10465,Janice Mccoy,India,Mumbai,Jacket,Clothing,3500,3,2025-06-13
ORD10466,Christian Lewis,USA,Austin,Table,Furniture,6000,4,2024-09-12
ORD10466,Christian Lewis,USA,Austin,Jacket,Clothing,3500,4,2024-09-12
ORD10466,Christian Lewis,USA,Austin,Table,Furniture,6000,5,2024-09-12
ORD10467,Haley Berry,Canada,Montreal,Chair,Furniture,2500,3,2024-07-11
ORD10467,Haley Berry,Canada,Montreal,SQL Book,Books,750,1,2024-07-11
ORD10467,Haley Berry,Canada,Montreal,Cricket Bat,Sports,2200,3,2024-07-11
ORD10468,Erin Smith,Germany,Hamburg,Jacket,Clothing,3500,5,2025-08-27
ORD10469,Carol Green MD,UK,Manchester,Football,Sports,900,1,2025-11-28
ORD10469,Carol Green MD,UK,Manchester,Cricket Bat,Sports,2200,4,2025-11-28
ORD10469,Carol Green MD,UK,Manchester,SQL Book,Books,750,5,2025-11-28
ORD10470,Pedro Schwartz,UK,London,Jeans,Clothing,1800,3,2025-12-18
ORD10470,Pedro Schwartz,UK,London,Table,Furniture,6000,1,2025-12-18
ORD10470,Pedro Schwartz,UK,London,Mouse,Electronics,700,1,2025-12-18
ORD10471,Chad Boyd,Germany,Berlin,Jacket,Clothing,3500,5,2024-11-21
ORD10472,Eric Jordan,Germany,Frankfurt,Keyboard,Electronics,1500,4,2026-03-08
ORD10472,Eric Jordan,Germany,Frankfurt,Tennis Racket,Sports,3500,4,2026-03-08
ORD10472,Eric Jordan,Germany,Frankfurt,Jacket,Clothing,3500,2,2026-03-08
ORD10473,Taylor Garcia,India,Ahmedabad,Cricket Bat,Sports,2200,4,2026-06-05
ORD10473,Taylor Garcia,India,Ahmedabad,T-Shirt,Clothing,800,4,2026-06-05
ORD10473,Taylor Garcia,India,Ahmedabad,Monitor,Electronics,12000,2,2026-06-05
ORD10474,Yvonne Brown,UK,Birmingham,Football,Sports,900,5,2026-02-09
ORD10474,Yvonne Brown,UK,Birmingham,Football,Sports,900,4,2026-02-09
ORD10474,Yvonne Brown,UK,Birmingham,Jeans,Clothing,1800,2,2026-02-09
ORD10475,Alyssa Jordan,USA,New York,Chair,Furniture,2500,3,2025-08-22
ORD10476,Juan Rose,UK,London,Table,Furniture,6000,4,2024-06-25
ORD10477,Marisa Hanson,USA,Austin,Jeans,Clothing,1800,1,2025-01-21
ORD10477,Marisa Hanson,USA,Austin,Monitor,Electronics,12000,5,2025-01-21
ORD10477,Marisa Hanson,USA,Austin,Football,Sports,900,1,2025-01-21
ORD10478,Elizabeth Keller MD,Germany,Munich,Football,Sports,900,1,2024-12-25
ORD10479,Shane Garcia,Canada,Calgary,Cricket Bat,Sports,2200,2,2025-08-24
ORD10480,Kevin Price,UK,Birmingham,AI Handbook,Books,1200,2,2026-02-16
ORD10480,Kevin Price,UK,Birmingham,Cricket Bat,Sports,2200,5,2026-02-16
ORD10480,Kevin Price,UK,Birmingham,Mouse,Electronics,700,5,2026-02-16
ORD10481,Sheila King,USA,Chicago,Laptop,Electronics,50000,4,2026-02-21
ORD10482,Jeff Soto,Germany,Frankfurt,Mouse,Electronics,700,2,2024-09-30
ORD10482,Jeff Soto,Germany,Frankfurt,Chair,Furniture,2500,4,2024-09-30
ORD10482,Jeff Soto,Germany,Frankfurt,Keyboard,Electronics,1500,3,2024-09-30
ORD10483,Jennifer Lewis,India,Delhi,Python Book,Books,900,3,2026-03-04
ORD10484,Erica Porter,Germany,Hamburg,Monitor,Electronics,12000,5,2025-06-20
ORD10484,Erica Porter,Germany,Hamburg,T-Shirt,Clothing,800,1,2025-06-20
ORD10484,Erica Porter,Germany,Hamburg,Cricket Bat,Sports,2200,4,2025-06-20
ORD10485,Jared Clark,India,Ahmedabad,Jeans,Clothing,1800,4,2026-04-23
ORD10485,Jared Clark,India,Ahmedabad,Keyboard,Electronics,1500,2,2026-04-23
ORD10485,Jared Clark,India,Ahmedabad,Jeans,Clothing,1800,4,2026-04-23
ORD10486,Robert Burke,Canada,Calgary,AI Handbook,Books,1200,1,2024-06-25
ORD10486,Robert Burke,Canada,Calgary,Jeans,Clothing,1800,1,2024-06-25
ORD10486,Robert Burke,Canada,Calgary,Table,Furniture,6000,1,2024-06-25
ORD10487,Tiffany Chen,Canada,Calgary,AI Handbook,Books,1200,2,2024-11-30
ORD10487,Tiffany Chen,Canada,Calgary,T-Shirt,Clothing,800,2,2024-11-30
ORD10488,Courtney Carter,UK,Birmingham,Table,Furniture,6000,3,2025-09-08
ORD10489,Timothy Morris,India,Ahmedabad,Tennis Racket,Sports,3500,5,2025-01-24
ORD10489,Timothy Morris,India,Ahmedabad,SQL Book,Books,750,5,2025-01-24
ORD10490,Tommy Ray,Canada,Vancouver,Football,Sports,900,3,2025-10-08
ORD10490,Tommy Ray,Canada,Vancouver,Sofa,Furniture,25000,4,2025-10-08
ORD10491,Anna Keith,Germany,Munich,Laptop,Electronics,50000,1,2024-10-24
ORD10492,Stephanie Brady,Germany,Frankfurt,Mouse,Electronics,700,4,2025-04-02
ORD10492,Stephanie Brady,Germany,Frankfurt,SQL Book,Books,750,3,2025-04-02
ORD10492,Stephanie Brady,Germany,Frankfurt,SQL Book,Books,750,4,2025-04-02
ORD10493,Jordan Keller,UK,Birmingham,Tennis Racket,Sports,3500,3,2024-08-14
ORD10493,Jordan Keller,UK,Birmingham,Jacket,Clothing,3500,1,2024-08-14
ORD10494,Jason Vance,UK,Leeds,Table,Furniture,6000,2,2025-11-25
ORD10494,Jason Vance,UK,Leeds,Laptop,Electronics,50000,4,2025-11-25
ORD10495,Robert Rubio,Germany,Munich,Monitor,Electronics,12000,5,2025-11-16
ORD10496,John Bowen,India,Surat,Table,Furniture,6000,1,2025-08-16
ORD10497,Jennifer Russell,Germany,Munich,Python Book,Books,900,4,2024-08-03
ORD10497,Jennifer Russell,Germany,Munich,Mouse,Electronics,700,1,2024-08-03
ORD10497,Jennifer Russell,Germany,Munich,Sofa,Furniture,25000,5,2024-08-03
ORD10498,Brenda Ortiz,UK,Birmingham,Chair,Furniture,2500,1,2025-11-03
ORD10498,Brenda Ortiz,UK,Birmingham,AI Handbook,Books,1200,1,2025-11-03
ORD10499,Marissa Rodriguez,USA,Boston,T-Shirt,Clothing,800,3,2026-01-06
ORD10500,John Hardy,USA,Chicago,Monitor,Electronics,12000,1,2024-11-22
ORD10501,Jill Wallace,India,Pune,Monitor,Electronics,12000,1,2026-04-11
ORD10501,Jill Wallace,India,Pune,Football,Sports,900,1,2026-04-11
ORD10502,Daniel Young,Canada,Toronto,Chair,Furniture,2500,4,2025-05-01
ORD10503,Veronica Briggs,USA,Boston,Football,Sports,900,4,2024-11-08
ORD10503,Veronica Briggs,USA,Boston,T-Shirt,Clothing,800,5,2024-11-08
ORD10504,Michele Taylor,India,Ahmedabad,Keyboard,Electronics,1500,1,2024-06-25
ORD10505,Tina Roach,India,Mumbai,Table,Furniture,6000,4,2025-08-10
ORD10505,Tina Roach,India,Mumbai,T-Shirt,Clothing,800,1,2025-08-10
ORD10505,Tina Roach,India,Mumbai,Mouse,Electronics,700,5,2025-08-10
ORD10506,John Rodriguez,USA,Chicago,Mouse,Electronics,700,3,2025-04-26
ORD10507,Sandy Sullivan,Germany,Frankfurt,Chair,Furniture,2500,5,2024-11-26
ORD10508,Kristina Ingram,UK,Leeds,SQL Book,Books,750,1,2025-10-26
ORD10508,Kristina Ingram,UK,Leeds,Cricket Bat,Sports,2200,5,2025-10-26
ORD10508,Kristina Ingram,UK,Leeds,Chair,Furniture,2500,4,2025-10-26
ORD10509,Gabriela Valencia,UK,Manchester,Jacket,Clothing,3500,3,2026-05-22
ORD10509,Gabriela Valencia,UK,Manchester,Mouse,Electronics,700,2,2026-05-22
ORD10510,Robert Hayes,UK,Leeds,Jacket,Clothing,3500,2,2025-03-05
ORD10510,Robert Hayes,UK,Leeds,T-Shirt,Clothing,800,5,2025-03-05
ORD10511,Harold Martinez,UK,London,Laptop,Electronics,50000,5,2025-09-27
ORD10511,Harold Martinez,UK,London,Monitor,Electronics,12000,4,2025-09-27
ORD10511,Harold Martinez,UK,London,Sofa,Furniture,25000,5,2025-09-27
ORD10512,Megan Bass,USA,Chicago,T-Shirt,Clothing,800,4,2026-03-12
ORD10512,Megan Bass,USA,Chicago,AI Handbook,Books,1200,5,2026-03-12
ORD10513,Brianna Diaz,UK,London,Mouse,Electronics,700,5,2025-05-16
ORD10513,Brianna Diaz,UK,London,Python Book,Books,900,3,2025-05-16
ORD10513,Brianna Diaz,UK,London,Monitor,Electronics,12000,2,2025-05-16
ORD10514,Patrick Diaz,Canada,Montreal,Tennis Racket,Sports,3500,2,2025-02-27
ORD10514,Patrick Diaz,Canada,Montreal,T-Shirt,Clothing,800,4,2025-02-27
ORD10515,Katelyn Morales,India,Delhi,Cricket Bat,Sports,2200,5,2024-12-08
ORD10516,April Mathis,USA,Seattle,Tennis Racket,Sports,3500,1,2025-05-20
ORD10516,April Mathis,USA,Seattle,Football,Sports,900,3,2025-05-20
ORD10517,Paul Ramirez,Germany,Munich,AI Handbook,Books,1200,4,2024-10-07
ORD10517,Paul Ramirez,Germany,Munich,Sofa,Furniture,25000,4,2024-10-07
ORD10518,Robert Harvey,Canada,Toronto,Table,Furniture,6000,5,2025-09-08
ORD10519,Jasmine Cooper,USA,New York,Laptop,Electronics,50000,3,2025-06-08
ORD10519,Jasmine Cooper,USA,New York,Jacket,Clothing,3500,1,2025-06-08
ORD10519,Jasmine Cooper,USA,New York,Sofa,Furniture,25000,3,2025-06-08
ORD10520,Keith Cross,Germany,Berlin,Tennis Racket,Sports,3500,3,2026-03-11
ORD10520,Keith Cross,Germany,Berlin,Mouse,Electronics,700,1,2026-03-11
ORD10521,Wayne Williams,USA,New York,Keyboard,Electronics,1500,3,2025-05-01
ORD10522,Crystal Garcia,India,Pune,Table,Furniture,6000,3,2024-07-22
ORD10522,Crystal Garcia,India,Pune,Football,Sports,900,3,2024-07-22
ORD10523,Sandra Lindsey,USA,Boston,Keyboard,Electronics,1500,2,2024-10-20
ORD10524,Karen Moore,UK,Birmingham,Jacket,Clothing,3500,3,2025-08-01
ORD10525,Monique Mcmahon,India,Pune,Jacket,Clothing,3500,2,2026-01-07
ORD10526,Paula Myers,UK,Leeds,Mouse,Electronics,700,5,2025-10-11
ORD10526,Paula Myers,UK,Leeds,Cricket Bat,Sports,2200,5,2025-10-11
ORD10526,Paula Myers,UK,Leeds,Chair,Furniture,2500,2,2025-10-11
ORD10527,Brett Blankenship,India,Delhi,Monitor,Electronics,12000,1,2026-04-10
ORD10528,Miss Ariel Wallace,Canada,Toronto,SQL Book,Books,750,2,2025-05-24
ORD10529,Andrea Murphy,India,Delhi,Table,Furniture,6000,5,2024-12-24
ORD10530,Miranda Roberts,Germany,Hamburg,Monitor,Electronics,12000,1,2025-02-01
ORD10530,Miranda Roberts,Germany,Hamburg,Python Book,Books,900,4,2025-02-01
ORD10531,Sheryl Robinson,India,Mumbai,Table,Furniture,6000,5,2025-03-06
ORD10531,Sheryl Robinson,India,Mumbai,Laptop,Electronics,50000,4,2025-03-06
ORD10531,Sheryl Robinson,India,Mumbai,Table,Furniture,6000,3,2025-03-06
ORD10532,Chad Gardner,India,Ahmedabad,AI Handbook,Books,1200,1,2025-08-03
ORD10532,Chad Gardner,India,Ahmedabad,Chair,Furniture,2500,3,2025-08-03
ORD10533,Julia Townsend,UK,Manchester,Sofa,Furniture,25000,4,2025-03-31
ORD10533,Julia Townsend,UK,Manchester,T-Shirt,Clothing,800,1,2025-03-31
ORD10534,Hannah Hamilton,India,Pune,Sofa,Furniture,25000,2,2026-05-19
ORD10534,Hannah Hamilton,India,Pune,Cricket Bat,Sports,2200,1,2026-05-19
ORD10534,Hannah Hamilton,India,Pune,Tennis Racket,Sports,3500,4,2026-05-19
ORD10535,James Hanson,India,Mumbai,Football,Sports,900,4,2024-10-09
ORD10536,Tyler Robinson,USA,New York,Jeans,Clothing,1800,1,2024-10-29
ORD10537,Jesse Thomas,Canada,Toronto,Sofa,Furniture,25000,2,2024-12-13
ORD10538,Kimberly Leon,India,Pune,T-Shirt,Clothing,800,5,2026-05-27
ORD10538,Kimberly Leon,India,Pune,Football,Sports,900,5,2026-05-27
ORD10538,Kimberly Leon,India,Pune,Mouse,Electronics,700,2,2026-05-27
ORD10539,Joshua Austin,Canada,Toronto,Football,Sports,900,4,2026-04-02
ORD10540,Rachel Werner,Canada,Calgary,Tennis Racket,Sports,3500,1,2025-03-29
ORD10540,Rachel Werner,Canada,Calgary,Laptop,Electronics,50000,1,2025-03-29
ORD10541,Ana Garcia,Germany,Berlin,Mouse,Electronics,700,4,2024-06-18
ORD10541,Ana Garcia,Germany,Berlin,Jacket,Clothing,3500,4,2024-06-18
ORD10542,Luis Riley,Germany,Frankfurt,Mouse,Electronics,700,2,2025-07-05
ORD10542,Luis Riley,Germany,Frankfurt,Chair,Furniture,2500,4,2025-07-05
ORD10542,Luis Riley,Germany,Frankfurt,Monitor,Electronics,12000,2,2025-07-05
ORD10543,Melissa Munoz,Germany,Berlin,T-Shirt,Clothing,800,2,2026-02-22
ORD10543,Melissa Munoz,Germany,Berlin,SQL Book,Books,750,5,2026-02-22
ORD10544,Colleen Hamilton,UK,Leeds,Table,Furniture,6000,1,2025-05-05
ORD10545,Thomas Blake,Germany,Hamburg,Python Book,Books,900,3,2024-12-19
ORD10545,Thomas Blake,Germany,Hamburg,Football,Sports,900,4,2024-12-19
ORD10545,Thomas Blake,Germany,Hamburg,Chair,Furniture,2500,5,2024-12-19
ORD10546,Darrell Obrien,Canada,Toronto,Chair,Furniture,2500,1,2026-02-11
ORD10546,Darrell Obrien,Canada,Toronto,Monitor,Electronics,12000,2,2026-02-11
ORD10546,Darrell Obrien,Canada,Toronto,Mouse,Electronics,700,4,2026-02-11
ORD10547,David Perez,USA,Chicago,Keyboard,Electronics,1500,1,2025-07-03
ORD10547,David Perez,USA,Chicago,Keyboard,Electronics,1500,5,2025-07-03
ORD10547,David Perez,USA,Chicago,Jacket,Clothing,3500,1,2025-07-03
ORD10548,Frank Gallagher,India,Mumbai,Jacket,Clothing,3500,3,2026-02-06
ORD10549,Ashley Blair,Canada,Vancouver,Keyboard,Electronics,1500,2,2025-04-08
ORD10550,John Carter,USA,New York,T-Shirt,Clothing,800,5,2025-05-26
ORD10550,John Carter,USA,New York,SQL Book,Books,750,5,2025-05-26
ORD10550,John Carter,USA,New York,Sofa,Furniture,25000,5,2025-05-26
ORD10551,Keith Patrick,Canada,Vancouver,Tennis Racket,Sports,3500,3,2025-01-05
ORD10552,Mike Lynn,UK,Leeds,Python Book,Books,900,4,2026-03-08
ORD10553,Patricia Thompson,UK,London,Jacket,Clothing,3500,5,2024-09-15
ORD10553,Patricia Thompson,UK,London,Tennis Racket,Sports,3500,5,2024-09-15
ORD10554,Stacy Wright,Germany,Berlin,SQL Book,Books,750,4,2026-04-04
ORD10554,Stacy Wright,Germany,Berlin,Monitor,Electronics,12000,2,2026-04-04
ORD10554,Stacy Wright,Germany,Berlin,Tennis Racket,Sports,3500,1,2026-04-04
ORD10555,Justin King,Canada,Vancouver,Keyboard,Electronics,1500,4,2025-11-22
ORD10555,Justin King,Canada,Vancouver,AI Handbook,Books,1200,5,2025-11-22
ORD10556,Stephen Price,UK,Birmingham,Football,Sports,900,4,2025-04-30
ORD10557,Daniel Moore,USA,Seattle,Mouse,Electronics,700,3,2026-04-10
ORD10557,Daniel Moore,USA,Seattle,Python Book,Books,900,2,2026-04-10
ORD10557,Daniel Moore,USA,Seattle,Chair,Furniture,2500,4,2026-04-10
ORD10558,Joshua Brown,Canada,Montreal,T-Shirt,Clothing,800,2,2026-04-16
ORD10558,Joshua Brown,Canada,Montreal,Jacket,Clothing,3500,2,2026-04-16
ORD10558,Joshua Brown,Canada,Montreal,Chair,Furniture,2500,5,2026-04-16
ORD10559,Joseph Collins,Canada,Calgary,Tennis Racket,Sports,3500,4,2026-05-03
ORD10559,Joseph Collins,Canada,Calgary,Laptop,Electronics,50000,5,2026-05-03
ORD10560,Jessica Crawford,UK,Manchester,Mouse,Electronics,700,2,2026-02-13
ORD10560,Jessica Crawford,UK,Manchester,Football,Sports,900,2,2026-02-13
ORD10561,Nicole Farmer,Canada,Montreal,Chair,Furniture,2500,3,2025-11-21
ORD10561,Nicole Farmer,Canada,Montreal,Jacket,Clothing,3500,3,2025-11-21
ORD10561,Nicole Farmer,Canada,Montreal,SQL Book,Books,750,5,2025-11-21
ORD10562,Paula Smith,India,Pune,Tennis Racket,Sports,3500,5,2024-10-05
ORD10562,Paula Smith,India,Pune,Cricket Bat,Sports,2200,1,2024-10-05
ORD10562,Paula Smith,India,Pune,Mouse,Electronics,700,3,2024-10-05
ORD10563,Kenneth White,UK,Birmingham,Jacket,Clothing,3500,2,2024-10-07
ORD10564,Rebecca Taylor,Germany,Frankfurt,T-Shirt,Clothing,800,4,2024-10-23
ORD10564,Rebecca Taylor,Germany,Frankfurt,Python Book,Books,900,1,2024-10-23
ORD10565,Carlos Espinoza,UK,Leeds,Keyboard,Electronics,1500,4,2025-09-07
ORD10565,Carlos Espinoza,UK,Leeds,T-Shirt,Clothing,800,1,2025-09-07
ORD10566,Mark Moss,USA,New York,AI Handbook,Books,1200,1,2024-08-20
ORD10566,Mark Moss,USA,New York,Jacket,Clothing,3500,4,2024-08-20
ORD10567,Miss Mary Garcia,USA,New York,AI Handbook,Books,1200,2,2025-12-03
ORD10567,Miss Mary Garcia,USA,New York,AI Handbook,Books,1200,4,2025-12-03
ORD10568,Alyssa Silva,USA,Chicago,Jeans,Clothing,1800,4,2026-04-08
ORD10568,Alyssa Silva,USA,Chicago,T-Shirt,Clothing,800,5,2026-04-08
ORD10568,Alyssa Silva,USA,Chicago,SQL Book,Books,750,5,2026-04-08
ORD10569,Cynthia Hunt,Germany,Munich,Chair,Furniture,2500,4,2025-01-10
ORD10569,Cynthia Hunt,Germany,Munich,Chair,Furniture,2500,2,2025-01-10
ORD10569,Cynthia Hunt,Germany,Munich,Laptop,Electronics,50000,2,2025-01-10
ORD10570,Miss Lauren Lewis,USA,Chicago,Tennis Racket,Sports,3500,5,2024-08-25
ORD10571,Tiffany Mcpherson,Canada,Calgary,Chair,Furniture,2500,1,2025-07-02
ORD10572,Ian Harris,Canada,Calgary,Mouse,Electronics,700,5,2026-04-06
ORD10572,Ian Harris,Canada,Calgary,Tennis Racket,Sports,3500,3,2026-04-06
ORD10572,Ian Harris,Canada,Calgary,Jacket,Clothing,3500,5,2026-04-06
ORD10573,Donald Cortez,Germany,Munich,Table,Furniture,6000,3,2024-07-24
ORD10574,Stephanie Macias,USA,New York,Jeans,Clothing,1800,2,2026-03-21
ORD10574,Stephanie Macias,USA,New York,Chair,Furniture,2500,5,2026-03-21
ORD10574,Stephanie Macias,USA,New York,Tennis Racket,Sports,3500,5,2026-03-21
ORD10575,Paul Harrington MD,Canada,Toronto,Football,Sports,900,4,2024-12-06
ORD10575,Paul Harrington MD,Canada,Toronto,Tennis Racket,Sports,3500,5,2024-12-06
ORD10575,Paul Harrington MD,Canada,Toronto,Football,Sports,900,4,2024-12-06
ORD10576,Samantha Smith,Germany,Munich,Cricket Bat,Sports,2200,2,2025-05-17
ORD10576,Samantha Smith,Germany,Munich,Python Book,Books,900,3,2025-05-17
ORD10576,Samantha Smith,Germany,Munich,Cricket Bat,Sports,2200,2,2025-05-17
ORD10577,Matthew Parker,USA,Austin,Mouse,Electronics,700,3,2026-02-20
ORD10578,Patricia Montgomery,USA,Chicago,Sofa,Furniture,25000,5,2026-02-09
ORD10578,Patricia Montgomery,USA,Chicago,AI Handbook,Books,1200,1,2026-02-09
ORD10579,Claudia Spears,UK,London,T-Shirt,Clothing,800,2,2026-03-24
ORD10579,Claudia Spears,UK,London,Tennis Racket,Sports,3500,3,2026-03-24
ORD10579,Claudia Spears,UK,London,Jeans,Clothing,1800,1,2026-03-24
ORD10580,James Lewis,Germany,Frankfurt,T-Shirt,Clothing,800,5,2026-03-24
ORD10581,Jody Rodriguez,India,Mumbai,Keyboard,Electronics,1500,3,2025-05-14
ORD10581,Jody Rodriguez,India,Mumbai,Chair,Furniture,2500,1,2025-05-14
ORD10582,Willie Bryant,Germany,Hamburg,Monitor,Electronics,12000,2,2025-02-09
ORD10582,Willie Bryant,Germany,Hamburg,Sofa,Furniture,25000,3,2025-02-09
ORD10583,Mrs. Amanda Mcconnell,Canada,Toronto,Jeans,Clothing,1800,1,2024-07-18
ORD10583,Mrs. Amanda Mcconnell,Canada,Toronto,AI Handbook,Books,1200,2,2024-07-18
ORD10583,Mrs. Amanda Mcconnell,Canada,Toronto,Chair,Furniture,2500,3,2024-07-18
ORD10584,Briana Gonzalez,Canada,Toronto,AI Handbook,Books,1200,5,2024-07-12
ORD10584,Briana Gonzalez,Canada,Toronto,Python Book,Books,900,5,2024-07-12
ORD10585,Rachel Smith,Germany,Berlin,Football,Sports,900,3,2025-06-24
ORD10585,Rachel Smith,Germany,Berlin,Football,Sports,900,3,2025-06-24
ORD10586,Christina Hawkins,USA,New York,Mouse,Electronics,700,1,2024-10-14
ORD10587,Christian Mejia,USA,Boston,Jeans,Clothing,1800,1,2025-09-20
ORD10588,Joseph Nixon,UK,Manchester,Tennis Racket,Sports,3500,2,2024-08-10
ORD10588,Joseph Nixon,UK,Manchester,T-Shirt,Clothing,800,4,2024-08-10
ORD10589,Ronald Giles,Canada,Toronto,Jacket,Clothing,3500,4,2024-11-09
ORD10589,Ronald Giles,Canada,Toronto,Laptop,Electronics,50000,3,2024-11-09
ORD10590,Alexis Coleman,India,Pune,Jeans,Clothing,1800,1,2024-11-06
ORD10590,Alexis Coleman,India,Pune,SQL Book,Books,750,2,2024-11-06
ORD10590,Alexis Coleman,India,Pune,SQL Book,Books,750,2,2024-11-06
ORD10591,Corey Ellis,UK,Leeds,Sofa,Furniture,25000,1,2024-10-14
ORD10591,Corey Ellis,UK,Leeds,Jacket,Clothing,3500,1,2024-10-14
ORD10591,Corey Ellis,UK,Leeds,Chair,Furniture,2500,3,2024-10-14
ORD10592,Jason King,USA,Boston,AI Handbook,Books,1200,4,2026-03-16
ORD10592,Jason King,USA,Boston,Tennis Racket,Sports,3500,1,2026-03-16
ORD10593,Terry Mejia,Canada,Montreal,Tennis Racket,Sports,3500,5,2024-07-05
ORD10593,Terry Mejia,Canada,Montreal,Monitor,Electronics,12000,2,2024-07-05
ORD10593,Terry Mejia,Canada,Montreal,Cricket Bat,Sports,2200,4,2024-07-05
ORD10594,Samuel Smith,UK,Birmingham,Jacket,Clothing,3500,2,2024-07-30
ORD10595,Zachary Gray,India,Mumbai,Mouse,Electronics,700,5,2024-12-28
ORD10595,Zachary Gray,India,Mumbai,Tennis Racket,Sports,3500,3,2024-12-28
ORD10596,John Harrison,Canada,Calgary,Tennis Racket,Sports,3500,2,2024-10-01
ORD10597,Barbara Wheeler,India,Mumbai,Football,Sports,900,2,2025-10-31
ORD10597,Barbara Wheeler,India,Mumbai,Keyboard,Electronics,1500,4,2025-10-31
ORD10598,Paula Collins,Germany,Munich,SQL Book,Books,750,2,2025-06-24
ORD10599,Stephanie Stephens,India,Mumbai,Monitor,Electronics,12000,5,2025-05-02
ORD10599,Stephanie Stephens,India,Mumbai,SQL Book,Books,750,1,2025-05-02
ORD10600,Matthew Haney,India,Ahmedabad,Monitor,Electronics,12000,5,2025-10-12
ORD10600,Matthew Haney,India,Ahmedabad,Jacket,Clothing,3500,3,2025-10-12
ORD10600,Matthew Haney,India,Ahmedabad,Laptop,Electronics,50000,3,2025-10-12
ORD10601,Robert Bryan,UK,Manchester,SQL Book,Books,750,5,2025-07-25
ORD10601,Robert Bryan,UK,Manchester,Jacket,Clothing,3500,3,2025-07-25
ORD10601,Robert Bryan,UK,Manchester,AI Handbook,Books,1200,3,2025-07-25
ORD10602,Kathryn Sullivan,Germany,Frankfurt,Laptop,Electronics,50000,4,2025-05-03
ORD10602,Kathryn Sullivan,Germany,Frankfurt,Mouse,Electronics,700,5,2025-05-03
ORD10602,Kathryn Sullivan,Germany,Frankfurt,T-Shirt,Clothing,800,2,2025-05-03
ORD10603,Todd Romero,USA,New York,AI Handbook,Books,1200,5,2024-12-30
ORD10604,Kevin Jenkins,Canada,Toronto,AI Handbook,Books,1200,1,2024-11-11
ORD10604,Kevin Jenkins,Canada,Toronto,Keyboard,Electronics,1500,3,2024-11-11
ORD10605,Darlene Williams,UK,Birmingham,Sofa,Furniture,25000,5,2025-11-15
ORD10605,Darlene Williams,UK,Birmingham,Table,Furniture,6000,2,2025-11-15
ORD10606,Larry Meyers,India,Delhi,Jacket,Clothing,3500,3,2025-02-15
ORD10607,Lauren Bryant,India,Delhi,T-Shirt,Clothing,800,5,2025-09-21
ORD10607,Lauren Bryant,India,Delhi,AI Handbook,Books,1200,4,2025-09-21
ORD10608,David Thompson,Canada,Vancouver,AI Handbook,Books,1200,2,2025-05-09
ORD10608,David Thompson,Canada,Vancouver,Monitor,Electronics,12000,5,2025-05-09
ORD10609,Jason Dennis,Germany,Hamburg,Sofa,Furniture,25000,4,2025-07-03
ORD10609,Jason Dennis,Germany,Hamburg,Sofa,Furniture,25000,2,2025-07-03
ORD10609,Jason Dennis,Germany,Hamburg,Jacket,Clothing,3500,4,2025-07-03
ORD10610,Rodney Long,UK,Leeds,SQL Book,Books,750,5,2025-10-16
ORD10610,Rodney Long,UK,Leeds,Table,Furniture,6000,1,2025-10-16
ORD10610,Rodney Long,UK,Leeds,Python Book,Books,900,1,2025-10-16
ORD10611,Diana Holmes,Germany,Berlin,Keyboard,Electronics,1500,4,2026-06-01
ORD10611,Diana Holmes,Germany,Berlin,Football,Sports,900,4,2026-06-01
ORD10611,Diana Holmes,Germany,Berlin,Football,Sports,900,3,2026-06-01
ORD10612,Natalie Ball,USA,Boston,Chair,Furniture,2500,3,2025-04-26
ORD10612,Natalie Ball,USA,Boston,Jeans,Clothing,1800,4,2025-04-26
ORD10612,Natalie Ball,USA,Boston,Table,Furniture,6000,1,2025-04-26
ORD10613,Dr. Theresa Nicholson DVM,USA,Boston,Jacket,Clothing,3500,3,2024-10-29
ORD10613,Dr. Theresa Nicholson DVM,USA,Boston,SQL Book,Books,750,5,2024-10-29
ORD10613,Dr. Theresa Nicholson DVM,USA,Boston,Monitor,Electronics,12000,4,2024-10-29
ORD10614,Victoria Johnson,UK,Birmingham,Jeans,Clothing,1800,4,2024-12-28
ORD10615,Samantha Mcdaniel,Germany,Berlin,Tennis Racket,Sports,3500,4,2025-10-01
ORD10616,Alisha Clay,India,Mumbai,Table,Furniture,6000,1,2024-12-13
ORD10616,Alisha Clay,India,Mumbai,Monitor,Electronics,12000,2,2024-12-13
ORD10617,Jessica Williamson,USA,Chicago,Chair,Furniture,2500,5,2024-12-27
ORD10618,Kelli Gentry,India,Surat,AI Handbook,Books,1200,4,2024-08-13
ORD10619,Andrew Clark,USA,Boston,Sofa,Furniture,25000,4,2025-12-10
ORD10619,Andrew Clark,USA,Boston,Chair,Furniture,2500,2,2025-12-10
ORD10619,Andrew Clark,USA,Boston,Laptop,Electronics,50000,3,2025-12-10
ORD10620,Mary Crawford,Germany,Munich,T-Shirt,Clothing,800,5,2025-06-24
ORD10620,Mary Crawford,Germany,Munich,Laptop,Electronics,50000,4,2025-06-24
ORD10621,Danielle Molina,Germany,Hamburg,Keyboard,Electronics,1500,1,2024-09-01
ORD10621,Danielle Molina,Germany,Hamburg,Cricket Bat,Sports,2200,4,2024-09-01
ORD10622,Kayla Rivas,UK,Birmingham,Laptop,Electronics,50000,1,2025-11-30
ORD10623,Christopher Martin,UK,Manchester,AI Handbook,Books,1200,4,2025-01-17
ORD10623,Christopher Martin,UK,Manchester,Football,Sports,900,5,2025-01-17
ORD10624,Robert Lyons,UK,London,Jacket,Clothing,3500,4,2025-08-01
ORD10624,Robert Lyons,UK,London,AI Handbook,Books,1200,1,2025-08-01
ORD10624,Robert Lyons,UK,London,Cricket Bat,Sports,2200,4,2025-08-01
ORD10625,Kenneth Collins,Canada,Montreal,Cricket Bat,Sports,2200,5,2025-05-16
ORD10625,Kenneth Collins,Canada,Montreal,Tennis Racket,Sports,3500,1,2025-05-16
ORD10625,Kenneth Collins,Canada,Montreal,Football,Sports,900,3,2025-05-16
ORD10626,Debra Arellano,Canada,Toronto,Python Book,Books,900,5,2025-10-03
ORD10627,Jerome Perez,UK,Leeds,Sofa,Furniture,25000,4,2026-01-03
ORD10627,Jerome Perez,UK,Leeds,Python Book,Books,900,5,2026-01-03
ORD10627,Jerome Perez,UK,Leeds,Cricket Bat,Sports,2200,1,2026-01-03
ORD10628,Christine Parrish,Germany,Munich,T-Shirt,Clothing,800,2,2024-07-11
ORD10628,Christine Parrish,Germany,Munich,Python Book,Books,900,5,2024-07-11
ORD10628,Christine Parrish,Germany,Munich,Sofa,Furniture,25000,4,2024-07-11
ORD10629,Anthony Adams,Canada,Montreal,AI Handbook,Books,1200,4,2024-12-26
ORD10629,Anthony Adams,Canada,Montreal,Python Book,Books,900,2,2024-12-26
ORD10630,Ronald Mccann,India,Delhi,Laptop,Electronics,50000,4,2025-01-05
ORD10630,Ronald Mccann,India,Delhi,Cricket Bat,Sports,2200,1,2025-01-05
ORD10630,Ronald Mccann,India,Delhi,Chair,Furniture,2500,1,2025-01-05
ORD10631,Julie Scott,Germany,Berlin,Monitor,Electronics,12000,2,2025-04-07
ORD10631,Julie Scott,Germany,Berlin,SQL Book,Books,750,4,2025-04-07
ORD10631,Julie Scott,Germany,Berlin,Sofa,Furniture,25000,1,2025-04-07
ORD10632,Mary Smith,UK,Leeds,Keyboard,Electronics,1500,1,2025-11-29
ORD10632,Mary Smith,UK,Leeds,Chair,Furniture,2500,3,2025-11-29
ORD10632,Mary Smith,UK,Leeds,Cricket Bat,Sports,2200,5,2025-11-29
ORD10633,Beth Rosales,India,Ahmedabad,Chair,Furniture,2500,3,2025-08-10
ORD10633,Beth Rosales,India,Ahmedabad,AI Handbook,Books,1200,1,2025-08-10
ORD10633,Beth Rosales,India,Ahmedabad,Monitor,Electronics,12000,5,2025-08-10
ORD10634,Brittany Russell,Germany,Frankfurt,Tennis Racket,Sports,3500,4,2026-05-24
ORD10635,Martin Moreno,Germany,Munich,Football,Sports,900,5,2024-08-09
ORD10635,Martin Moreno,Germany,Munich,Jeans,Clothing,1800,1,2024-08-09
ORD10636,Kayla Herman,Germany,Berlin,Sofa,Furniture,25000,4,2024-12-25
ORD10636,Kayla Herman,Germany,Berlin,Laptop,Electronics,50000,1,2024-12-25
ORD10637,Douglas Tran,UK,Manchester,AI Handbook,Books,1200,3,2026-02-02
ORD10637,Douglas Tran,UK,Manchester,T-Shirt,Clothing,800,5,2026-02-02
ORD10637,Douglas Tran,UK,Manchester,Jacket,Clothing,3500,1,2026-02-02
ORD10638,Joshua Travis,India,Ahmedabad,Jacket,Clothing,3500,5,2025-08-07
ORD10638,Joshua Travis,India,Ahmedabad,SQL Book,Books,750,3,2025-08-07
ORD10639,Antonio Thompson MD,India,Mumbai,Jacket,Clothing,3500,3,2025-08-10
ORD10639,Antonio Thompson MD,India,Mumbai,Tennis Racket,Sports,3500,5,2025-08-10
ORD10639,Antonio Thompson MD,India,Mumbai,Football,Sports,900,1,2025-08-10
ORD10640,Joel Walton,Canada,Toronto,AI Handbook,Books,1200,5,2025-11-09
ORD10641,James Harris,USA,Austin,Laptop,Electronics,50000,5,2024-11-12
ORD10641,James Harris,USA,Austin,AI Handbook,Books,1200,5,2024-11-12
ORD10642,Christopher Gonzalez,India,Surat,T-Shirt,Clothing,800,4,2024-11-07
ORD10642,Christopher Gonzalez,India,Surat,Sofa,Furniture,25000,1,2024-11-07
ORD10642,Christopher Gonzalez,India,Surat,Monitor,Electronics,12000,4,2024-11-07
ORD10643,Barbara Perez DVM,UK,Manchester,T-Shirt,Clothing,800,1,2025-01-25
ORD10643,Barbara Perez DVM,UK,Manchester,Jeans,Clothing,1800,5,2025-01-25
ORD10643,Barbara Perez DVM,UK,Manchester,Table,Furniture,6000,4,2025-01-25
ORD10644,Aaron Mendez,Germany,Frankfurt,SQL Book,Books,750,5,2026-05-31
ORD10644,Aaron Mendez,Germany,Frankfurt,AI Handbook,Books,1200,4,2026-05-31
ORD10645,Michelle Johnson,USA,Seattle,Python Book,Books,900,4,2025-07-29
ORD10645,Michelle Johnson,USA,Seattle,SQL Book,Books,750,1,2025-07-29
ORD10645,Michelle Johnson,USA,Seattle,AI Handbook,Books,1200,2,2025-07-29
ORD10646,Tina Valentine,India,Surat,Monitor,Electronics,12000,5,2024-10-20
ORD10646,Tina Valentine,India,Surat,T-Shirt,Clothing,800,3,2024-10-20
ORD10647,Justin Drake,India,Delhi,Jacket,Clothing,3500,3,2024-09-03
ORD10648,William Davidson,USA,Boston,Laptop,Electronics,50000,3,2026-01-14
ORD10648,William Davidson,USA,Boston,Monitor,Electronics,12000,4,2026-01-14
ORD10648,William Davidson,USA,Boston,Sofa,Furniture,25000,4,2026-01-14
ORD10649,Morgan Hogan,India,Surat,Jacket,Clothing,3500,4,2026-05-25
ORD10650,Luke Serrano,UK,Manchester,Mouse,Electronics,700,2,2026-01-24
ORD10650,Luke Serrano,UK,Manchester,Chair,Furniture,2500,4,2026-01-24
ORD10650,Luke Serrano,UK,Manchester,AI Handbook,Books,1200,3,2026-01-24
ORD10651,Laura Clayton,USA,Seattle,Laptop,Electronics,50000,1,2026-02-01
ORD10651,Laura Clayton,USA,Seattle,Cricket Bat,Sports,2200,1,2026-02-01
ORD10652,John Myers,UK,Manchester,Table,Furniture,6000,4,2025-10-08
ORD10652,John Myers,UK,Manchester,Table,Furniture,6000,3,2025-10-08
ORD10652,John Myers,UK,Manchester,Jeans,Clothing,1800,4,2025-10-08
ORD10653,Alex Baker,UK,Manchester,T-Shirt,Clothing,800,1,2024-09-28
ORD10654,Allen Hanna,USA,Chicago,Jeans,Clothing,1800,2,2024-12-31
ORD10654,Allen Hanna,USA,Chicago,SQL Book,Books,750,1,2024-12-31
ORD10654,Allen Hanna,USA,Chicago,Monitor,Electronics,12000,3,2024-12-31
ORD10655,Carrie Mitchell,Germany,Hamburg,Keyboard,Electronics,1500,4,2024-08-13
ORD10656,Mr. James Moore,UK,Leeds,Monitor,Electronics,12000,3,2025-05-27
ORD10657,Joseph Adams,UK,Birmingham,Mouse,Electronics,700,1,2025-09-29
ORD10657,Joseph Adams,UK,Birmingham,Python Book,Books,900,1,2025-09-29
ORD10657,Joseph Adams,UK,Birmingham,AI Handbook,Books,1200,3,2025-09-29
ORD10658,Sherri Smith,Germany,Berlin,T-Shirt,Clothing,800,3,2024-06-21
ORD10659,Gabrielle Keith,UK,London,Tennis Racket,Sports,3500,1,2024-12-02
ORD10660,Jonathan Rivera,India,Delhi,Monitor,Electronics,12000,5,2026-04-19
ORD10660,Jonathan Rivera,India,Delhi,AI Handbook,Books,1200,2,2026-04-19
ORD10661,Alisha Hardy,UK,London,Football,Sports,900,3,2024-10-05
ORD10661,Alisha Hardy,UK,London,Jacket,Clothing,3500,1,2024-10-05
ORD10661,Alisha Hardy,UK,London,Jeans,Clothing,1800,3,2024-10-05
ORD10662,Jonathan White,Germany,Frankfurt,Football,Sports,900,5,2026-05-31
ORD10663,Andre Shaffer,UK,Birmingham,SQL Book,Books,750,2,2025-04-08
ORD10664,Ricardo Little,India,Ahmedabad,Sofa,Furniture,25000,2,2025-10-16
ORD10664,Ricardo Little,India,Ahmedabad,T-Shirt,Clothing,800,5,2025-10-16
ORD10665,Karen Smith,Canada,Montreal,Sofa,Furniture,25000,1,2024-12-10
ORD10666,Eric Terry,India,Mumbai,Mouse,Electronics,700,4,2025-04-19
ORD10666,Eric Terry,India,Mumbai,Jeans,Clothing,1800,4,2025-04-19
ORD10667,Steven Powell,USA,Chicago,Keyboard,Electronics,1500,4,2025-01-06
ORD10667,Steven Powell,USA,Chicago,Sofa,Furniture,25000,2,2025-01-06
ORD10668,Michael Hart,Germany,Hamburg,Laptop,Electronics,50000,4,2025-12-01
ORD10668,Michael Hart,Germany,Hamburg,Jacket,Clothing,3500,3,2025-12-01
ORD10668,Michael Hart,Germany,Hamburg,AI Handbook,Books,1200,4,2025-12-01
ORD10669,Steven Williams,Canada,Montreal,Laptop,Electronics,50000,5,2024-06-20
ORD10670,Todd Nguyen,Canada,Toronto,Football,Sports,900,2,2024-07-22
ORD10671,Michael Mathews,Canada,Toronto,Jacket,Clothing,3500,1,2025-09-17
ORD10671,Michael Mathews,Canada,Toronto,Cricket Bat,Sports,2200,3,2025-09-17
ORD10671,Michael Mathews,Canada,Toronto,Sofa,Furniture,25000,4,2025-09-17
ORD10672,Mary George,Canada,Toronto,Python Book,Books,900,1,2026-03-06
ORD10672,Mary George,Canada,Toronto,Cricket Bat,Sports,2200,5,2026-03-06
ORD10672,Mary George,Canada,Toronto,AI Handbook,Books,1200,2,2026-03-06
ORD10673,Carrie Zamora,Germany,Frankfurt,Mouse,Electronics,700,2,2025-12-25
ORD10673,Carrie Zamora,Germany,Frankfurt,Python Book,Books,900,1,2025-12-25
ORD10673,Carrie Zamora,Germany,Frankfurt,Jeans,Clothing,1800,3,2025-12-25
ORD10674,Katherine Sparks,Germany,Munich,Tennis Racket,Sports,3500,5,2024-09-29
ORD10675,Tiffany Baker,USA,Boston,Sofa,Furniture,25000,3,2025-01-24
ORD10675,Tiffany Baker,USA,Boston,Laptop,Electronics,50000,1,2025-01-24
ORD10676,Sara Martin,USA,Austin,Chair,Furniture,2500,2,2025-01-21
ORD10677,Margaret Garza,Germany,Frankfurt,Table,Furniture,6000,2,2025-02-19
ORD10677,Margaret Garza,Germany,Frankfurt,Monitor,Electronics,12000,4,2025-02-19
ORD10677,Margaret Garza,Germany,Frankfurt,Python Book,Books,900,5,2025-02-19
ORD10678,Laura Owens,Germany,Hamburg,Tennis Racket,Sports,3500,4,2025-05-11
ORD10679,Megan Dillon,India,Mumbai,T-Shirt,Clothing,800,4,2025-03-25
ORD10679,Megan Dillon,India,Mumbai,Jacket,Clothing,3500,5,2025-03-25
ORD10679,Megan Dillon,India,Mumbai,Chair,Furniture,2500,4,2025-03-25
ORD10680,Jennifer Conner,Germany,Munich,AI Handbook,Books,1200,5,2025-09-09
ORD10680,Jennifer Conner,Germany,Munich,T-Shirt,Clothing,800,5,2025-09-09
ORD10681,Michael Rogers,Germany,Hamburg,SQL Book,Books,750,4,2026-02-26
ORD10681,Michael Rogers,Germany,Hamburg,SQL Book,Books,750,5,2026-02-26
ORD10682,Brian Henderson,USA,New York,Tennis Racket,Sports,3500,3,2025-04-02
ORD10683,Jasmine Moody,UK,Leeds,Jacket,Clothing,3500,3,2025-02-16
ORD10684,Jeffrey Williams,UK,Manchester,Table,Furniture,6000,2,2024-09-12
ORD10684,Jeffrey Williams,UK,Manchester,Table,Furniture,6000,1,2024-09-12
ORD10685,Karen Torres,India,Surat,Table,Furniture,6000,2,2025-11-08
ORD10686,Alex Mcpherson MD,Canada,Montreal,T-Shirt,Clothing,800,5,2025-01-01
ORD10687,Antonio Green,UK,Manchester,AI Handbook,Books,1200,1,2024-07-11
ORD10688,Kenneth Short,Canada,Montreal,Jeans,Clothing,1800,1,2025-12-16
ORD10688,Kenneth Short,Canada,Montreal,T-Shirt,Clothing,800,5,2025-12-16
ORD10689,Jessica Riddle,UK,Leeds,Jacket,Clothing,3500,1,2024-07-25
ORD10690,Patricia Torres,Canada,Vancouver,Sofa,Furniture,25000,3,2025-05-24
ORD10690,Patricia Torres,Canada,Vancouver,Laptop,Electronics,50000,4,2025-05-24
ORD10690,Patricia Torres,Canada,Vancouver,Chair,Furniture,2500,3,2025-05-24
ORD10691,Cody Taylor,USA,Seattle,Sofa,Furniture,25000,2,2026-04-18
ORD10692,Sharon Jackson,Canada,Calgary,SQL Book,Books,750,3,2025-01-20
ORD10693,James Baker,Canada,Calgary,Football,Sports,900,5,2025-04-05
ORD10693,James Baker,Canada,Calgary,AI Handbook,Books,1200,5,2025-04-05
ORD10694,Amanda Mccormick,Germany,Hamburg,SQL Book,Books,750,2,2025-01-22
ORD10695,Yvonne Martinez,India,Ahmedabad,Cricket Bat,Sports,2200,5,2025-12-30
ORD10695,Yvonne Martinez,India,Ahmedabad,Tennis Racket,Sports,3500,1,2025-12-30
ORD10696,Aaron Brown,Canada,Toronto,Jacket,Clothing,3500,2,2025-10-12
ORD10697,Christopher Nunez,India,Pune,Jeans,Clothing,1800,1,2025-01-20
ORD10698,Steven Hurst,Germany,Berlin,SQL Book,Books,750,4,2025-11-01
ORD10698,Steven Hurst,Germany,Berlin,Cricket Bat,Sports,2200,3,2025-11-01
ORD10699,Noah Reynolds,India,Mumbai,Chair,Furniture,2500,4,2025-07-11
ORD10700,John Sanchez,UK,London,Python Book,Books,900,5,2025-06-17
ORD10701,Logan Bowen,USA,Chicago,Jacket,Clothing,3500,3,2025-03-12
ORD10701,Logan Bowen,USA,Chicago,Football,Sports,900,3,2025-03-12
ORD10702,Edward Perry,India,Mumbai,T-Shirt,Clothing,800,3,2024-08-04
ORD10702,Edward Perry,India,Mumbai,T-Shirt,Clothing,800,5,2024-08-04
ORD10702,Edward Perry,India,Mumbai,Chair,Furniture,2500,3,2024-08-04
ORD10703,Michael Clark,USA,Seattle,Mouse,Electronics,700,5,2025-08-26
ORD10703,Michael Clark,USA,Seattle,SQL Book,Books,750,4,2025-08-26
ORD10703,Michael Clark,USA,Seattle,Sofa,Furniture,25000,4,2025-08-26
ORD10704,Linda Jones,Canada,Toronto,Sofa,Furniture,25000,4,2024-12-15
ORD10704,Linda Jones,Canada,Toronto,Jeans,Clothing,1800,4,2024-12-15
ORD10705,Laura Miller,UK,London,Sofa,Furniture,25000,2,2025-01-10
ORD10705,Laura Miller,UK,London,SQL Book,Books,750,3,2025-01-10
ORD10705,Laura Miller,UK,London,Monitor,Electronics,12000,3,2025-01-10
ORD10706,Ashley Marquez,Germany,Berlin,Cricket Bat,Sports,2200,4,2025-06-16
ORD10706,Ashley Marquez,Germany,Berlin,Jacket,Clothing,3500,1,2025-06-16
ORD10706,Ashley Marquez,Germany,Berlin,AI Handbook,Books,1200,1,2025-06-16
ORD10707,Natalie Sharp,Canada,Montreal,Jacket,Clothing,3500,4,2025-04-11
ORD10708,Nicole Blackburn,Germany,Berlin,Table,Furniture,6000,3,2024-08-17
ORD10708,Nicole Blackburn,Germany,Berlin,Python Book,Books,900,4,2024-08-17
ORD10709,Dominique Rogers,USA,New York,SQL Book,Books,750,4,2025-10-25
ORD10710,Charles Peterson,Germany,Berlin,Chair,Furniture,2500,3,2025-09-06
ORD10710,Charles Peterson,Germany,Berlin,Jacket,Clothing,3500,2,2025-09-06
ORD10711,Michael Kim,USA,New York,T-Shirt,Clothing,800,2,2025-02-12
ORD10711,Michael Kim,USA,New York,AI Handbook,Books,1200,2,2025-02-12
ORD10712,Blake Bennett,UK,Manchester,Laptop,Electronics,50000,4,2026-06-15
ORD10713,Alexander Juarez,USA,Seattle,Sofa,Furniture,25000,5,2026-04-19
ORD10713,Alexander Juarez,USA,Seattle,Sofa,Furniture,25000,4,2026-04-19
ORD10714,Robert Riley,Germany,Hamburg,Table,Furniture,6000,5,2024-09-19
ORD10714,Robert Riley,Germany,Hamburg,Tennis Racket,Sports,3500,5,2024-09-19
ORD10715,David Fox,Germany,Frankfurt,Chair,Furniture,2500,2,2025-05-11
ORD10716,Mr. Zachary Valencia Jr.,Germany,Frankfurt,Keyboard,Electronics,1500,3,2025-06-12
ORD10716,Mr. Zachary Valencia Jr.,Germany,Frankfurt,Cricket Bat,Sports,2200,1,2025-06-12
ORD10716,Mr. Zachary Valencia Jr.,Germany,Frankfurt,Python Book,Books,900,2,2025-06-12
ORD10717,William Chambers,USA,Boston,Tennis Racket,Sports,3500,2,2025-11-09
ORD10717,William Chambers,USA,Boston,SQL Book,Books,750,5,2025-11-09
ORD10718,Thomas Greene MD,USA,Chicago,T-Shirt,Clothing,800,3,2024-06-24
ORD10718,Thomas Greene MD,USA,Chicago,T-Shirt,Clothing,800,1,2024-06-24
ORD10719,Randy Campbell,India,Mumbai,Chair,Furniture,2500,4,2025-10-01
ORD10720,Rachel Abbott,India,Delhi,Sofa,Furniture,25000,3,2024-10-08
ORD10720,Rachel Abbott,India,Delhi,Cricket Bat,Sports,2200,3,2024-10-08
ORD10720,Rachel Abbott,India,Delhi,Monitor,Electronics,12000,5,2024-10-08
ORD10721,Andrew Taylor,USA,New York,AI Handbook,Books,1200,2,2026-03-02
ORD10722,Matthew Garcia,India,Mumbai,Python Book,Books,900,3,2025-07-19
ORD10722,Matthew Garcia,India,Mumbai,Football,Sports,900,2,2025-07-19
ORD10722,Matthew Garcia,India,Mumbai,Mouse,Electronics,700,5,2025-07-19
ORD10723,Brandon Gibson,UK,Leeds,Jeans,Clothing,1800,4,2024-11-15
ORD10723,Brandon Gibson,UK,Leeds,Sofa,Furniture,25000,5,2024-11-15
ORD10724,William Medina,India,Surat,Cricket Bat,Sports,2200,1,2025-09-26
ORD10724,William Medina,India,Surat,Table,Furniture,6000,2,2025-09-26
ORD10725,David Walton,Canada,Montreal,Jeans,Clothing,1800,4,2025-11-17
ORD10726,Tiffany Daniels,UK,Leeds,Monitor,Electronics,12000,1,2025-04-28
ORD10727,Robert Fuentes,UK,London,Jeans,Clothing,1800,1,2026-06-13
ORD10727,Robert Fuentes,UK,London,Mouse,Electronics,700,1,2026-06-13
ORD10727,Robert Fuentes,UK,London,Keyboard,Electronics,1500,2,2026-06-13
ORD10728,Gabrielle Galvan,Germany,Berlin,Tennis Racket,Sports,3500,1,2026-05-26
ORD10728,Gabrielle Galvan,Germany,Berlin,Chair,Furniture,2500,1,2026-05-26
ORD10728,Gabrielle Galvan,Germany,Berlin,Python Book,Books,900,4,2026-05-26
ORD10729,Garrett Ramirez,Germany,Munich,Sofa,Furniture,25000,4,2025-11-02
ORD10729,Garrett Ramirez,Germany,Munich,T-Shirt,Clothing,800,5,2025-11-02
ORD10730,Angela Mills,Germany,Munich,Python Book,Books,900,3,2024-10-26
ORD10730,Angela Mills,Germany,Munich,SQL Book,Books,750,2,2024-10-26
ORD10731,John Logan,UK,Leeds,T-Shirt,Clothing,800,2,2024-07-24
ORD10731,John Logan,UK,Leeds,SQL Book,Books,750,5,2024-07-24
ORD10732,Hannah Nelson,Canada,Montreal,Mouse,Electronics,700,1,2025-03-06
ORD10732,Hannah Nelson,Canada,Montreal,Jacket,Clothing,3500,3,2025-03-06
ORD10733,Christina Hill,India,Mumbai,Jeans,Clothing,1800,4,2026-06-11
ORD10733,Christina Hill,India,Mumbai,Cricket Bat,Sports,2200,4,2026-06-11
ORD10733,Christina Hill,India,Mumbai,Python Book,Books,900,1,2026-06-11
ORD10734,Allen Hudson,Germany,Munich,AI Handbook,Books,1200,4,2025-03-11
ORD10734,Allen Hudson,Germany,Munich,AI Handbook,Books,1200,3,2025-03-11
ORD10734,Allen Hudson,Germany,Munich,Chair,Furniture,2500,5,2025-03-11
ORD10735,Jennifer Cox,USA,Boston,Tennis Racket,Sports,3500,2,2026-02-15
ORD10735,Jennifer Cox,USA,Boston,Chair,Furniture,2500,3,2026-02-15
ORD10735,Jennifer Cox,USA,Boston,Python Book,Books,900,4,2026-02-15
ORD10736,David King,Canada,Montreal,Sofa,Furniture,25000,1,2026-01-14
ORD10736,David King,Canada,Montreal,Jacket,Clothing,3500,1,2026-01-14
ORD10736,David King,Canada,Montreal,Mouse,Electronics,700,3,2026-01-14
ORD10737,Juan Butler,India,Surat,AI Handbook,Books,1200,5,2025-01-04
ORD10737,Juan Butler,India,Surat,Chair,Furniture,2500,5,2025-01-04
ORD10737,Juan Butler,India,Surat,Chair,Furniture,2500,4,2025-01-04
ORD10738,Ashley Guzman,India,Mumbai,Mouse,Electronics,700,1,2025-08-07
ORD10739,Shannon Le,UK,London,Sofa,Furniture,25000,2,2025-10-04
ORD10740,Jeremy Smith,USA,Chicago,Jacket,Clothing,3500,4,2025-02-23
ORD10740,Jeremy Smith,USA,Chicago,Mouse,Electronics,700,2,2025-02-23
ORD10741,Nicholas Mullen,UK,Manchester,T-Shirt,Clothing,800,2,2025-04-05
ORD10741,Nicholas Mullen,UK,Manchester,Chair,Furniture,2500,1,2025-04-05
ORD10741,Nicholas Mullen,UK,Manchester,Laptop,Electronics,50000,3,2025-04-05
ORD10742,Krista Farrell,Germany,Frankfurt,SQL Book,Books,750,2,2025-04-08
ORD10743,Vincent Calderon,India,Ahmedabad,Football,Sports,900,3,2025-11-09
ORD10743,Vincent Calderon,India,Ahmedabad,Table,Furniture,6000,3,2025-11-09
ORD10743,Vincent Calderon,India,Ahmedabad,AI Handbook,Books,1200,2,2025-11-09
ORD10744,Gina Nicholson,Canada,Toronto,Jeans,Clothing,1800,4,2025-10-24
ORD10744,Gina Nicholson,Canada,Toronto,Football,Sports,900,3,2025-10-24
ORD10745,Mark Hill,Germany,Frankfurt,Laptop,Electronics,50000,3,2025-07-26
ORD10746,Patricia Clements,Germany,Munich,Jacket,Clothing,3500,3,2025-02-10
ORD10747,Krystal Woodard,Germany,Hamburg,Jacket,Clothing,3500,5,2025-10-22
ORD10747,Krystal Woodard,Germany,Hamburg,Mouse,Electronics,700,5,2025-10-22
ORD10747,Krystal Woodard,Germany,Hamburg,AI Handbook,Books,1200,1,2025-10-22
ORD10748,Candace Cook,India,Delhi,T-Shirt,Clothing,800,2,2025-04-27
ORD10748,Candace Cook,India,Delhi,Chair,Furniture,2500,5,2025-04-27
ORD10749,Jo Oconnell,Canada,Toronto,Sofa,Furniture,25000,5,2025-06-09
ORD10750,Rebecca Richard,USA,Boston,Jacket,Clothing,3500,2,2026-03-12
ORD10750,Rebecca Richard,USA,Boston,Cricket Bat,Sports,2200,2,2026-03-12
ORD10751,Joel Roberts,Germany,Hamburg,Sofa,Furniture,25000,4,2026-02-28
ORD10751,Joel Roberts,Germany,Hamburg,Tennis Racket,Sports,3500,4,2026-02-28
ORD10751,Joel Roberts,Germany,Hamburg,Table,Furniture,6000,1,2026-02-28
ORD10752,Katelyn Chandler,USA,Boston,Tennis Racket,Sports,3500,4,2026-02-28
ORD10752,Katelyn Chandler,USA,Boston,Cricket Bat,Sports,2200,1,2026-02-28
ORD10753,Ann Miles,Canada,Toronto,AI Handbook,Books,1200,5,2026-04-09
ORD10753,Ann Miles,Canada,Toronto,Chair,Furniture,2500,1,2026-04-09
ORD10753,Ann Miles,Canada,Toronto,Football,Sports,900,1,2026-04-09
ORD10754,Timothy Hardy,Canada,Montreal,Tennis Racket,Sports,3500,5,2024-08-27
ORD10755,Joshua Williams,Canada,Toronto,T-Shirt,Clothing,800,5,2026-04-30
ORD10755,Joshua Williams,Canada,Toronto,Laptop,Electronics,50000,1,2026-04-30
ORD10756,Michelle Williams,Germany,Berlin,Monitor,Electronics,12000,1,2024-08-08
ORD10756,Michelle Williams,Germany,Berlin,Chair,Furniture,2500,5,2024-08-08
ORD10756,Michelle Williams,Germany,Berlin,Table,Furniture,6000,2,2024-08-08
ORD10757,Russell Dickerson,Canada,Calgary,Monitor,Electronics,12000,4,2025-04-10
ORD10758,Ann Rowe,UK,London,Table,Furniture,6000,4,2024-10-08
ORD10758,Ann Rowe,UK,London,Jeans,Clothing,1800,2,2024-10-08
ORD10759,Tony Hood,Germany,Berlin,Python Book,Books,900,4,2024-07-30
ORD10759,Tony Hood,Germany,Berlin,Monitor,Electronics,12000,4,2024-07-30
ORD10759,Tony Hood,Germany,Berlin,Jeans,Clothing,1800,2,2024-07-30
ORD10760,Christopher Davis,Germany,Berlin,Mouse,Electronics,700,5,2025-04-30
ORD10760,Christopher Davis,Germany,Berlin,Football,Sports,900,5,2025-04-30
ORD10761,Jessica Herman,Canada,Vancouver,T-Shirt,Clothing,800,3,2025-01-22
ORD10761,Jessica Herman,Canada,Vancouver,Laptop,Electronics,50000,3,2025-01-22
ORD10762,Cindy Williams,India,Delhi,Mouse,Electronics,700,2,2026-02-16
ORD10762,Cindy Williams,India,Delhi,Keyboard,Electronics,1500,1,2026-02-16
ORD10763,Robert Adams,Germany,Munich,SQL Book,Books,750,3,2025-09-25
ORD10763,Robert Adams,Germany,Munich,T-Shirt,Clothing,800,2,2025-09-25
ORD10763,Robert Adams,Germany,Munich,Cricket Bat,Sports,2200,2,2025-09-25
ORD10764,Edward Carson,Canada,Calgary,Jeans,Clothing,1800,2,2024-10-19
ORD10765,Molly Ramsey,UK,Birmingham,Chair,Furniture,2500,4,2026-03-06
ORD10766,Jennifer Hill,Germany,Frankfurt,Table,Furniture,6000,2,2025-04-14
ORD10767,Patricia Shaw,USA,Seattle,Jacket,Clothing,3500,2,2025-02-22
ORD10768,Craig Gomez,India,Surat,Keyboard,Electronics,1500,3,2026-02-04
ORD10768,Craig Gomez,India,Surat,Laptop,Electronics,50000,1,2026-02-04
ORD10768,Craig Gomez,India,Surat,Jacket,Clothing,3500,3,2026-02-04
ORD10769,Elizabeth Elliott,USA,Austin,Football,Sports,900,5,2025-05-31
ORD10770,Susan Branch,Germany,Frankfurt,Table,Furniture,6000,5,2026-04-26
ORD10770,Susan Branch,Germany,Frankfurt,Jacket,Clothing,3500,2,2026-04-26
ORD10770,Susan Branch,Germany,Frankfurt,Python Book,Books,900,3,2026-04-26
ORD10771,Katherine West,Germany,Hamburg,T-Shirt,Clothing,800,2,2025-07-23
ORD10772,Dale Gomez,USA,New York,Chair,Furniture,2500,4,2024-07-01
ORD10773,Ashley Frye,India,Pune,Monitor,Electronics,12000,5,2024-09-21
ORD10773,Ashley Frye,India,Pune,Sofa,Furniture,25000,2,2024-09-21
ORD10773,Ashley Frye,India,Pune,Jeans,Clothing,1800,3,2024-09-21
ORD10774,Gerald Smith,Canada,Toronto,AI Handbook,Books,1200,1,2024-10-10
ORD10775,Katherine Marquez,India,Mumbai,T-Shirt,Clothing,800,5,2025-07-28
ORD10775,Katherine Marquez,India,Mumbai,Cricket Bat,Sports,2200,5,2025-07-28
ORD10775,Katherine Marquez,India,Mumbai,SQL Book,Books,750,3,2025-07-28
ORD10776,Katherine Jones,UK,London,Football,Sports,900,4,2025-03-11
ORD10776,Katherine Jones,UK,London,Tennis Racket,Sports,3500,4,2025-03-11
ORD10777,Shelly Robinson,Germany,Berlin,Table,Furniture,6000,4,2025-03-09
ORD10777,Shelly Robinson,Germany,Berlin,Sofa,Furniture,25000,1,2025-03-09
ORD10778,Sara Johnston,Germany,Frankfurt,Python Book,Books,900,2,2024-11-17
ORD10778,Sara Johnston,Germany,Frankfurt,Laptop,Electronics,50000,1,2024-11-17
ORD10778,Sara Johnston,Germany,Frankfurt,T-Shirt,Clothing,800,4,2024-11-17
ORD10779,Douglas Wilson,Canada,Montreal,Tennis Racket,Sports,3500,1,2026-01-11
ORD10779,Douglas Wilson,Canada,Montreal,Python Book,Books,900,1,2026-01-11
ORD10779,Douglas Wilson,Canada,Montreal,Mouse,Electronics,700,1,2026-01-11
ORD10780,Christopher Lewis,Germany,Berlin,Monitor,Electronics,12000,3,2025-11-05
ORD10781,Lawrence Bell,Germany,Frankfurt,Sofa,Furniture,25000,3,2026-04-15
ORD10781,Lawrence Bell,Germany,Frankfurt,Mouse,Electronics,700,1,2026-04-15
ORD10781,Lawrence Bell,Germany,Frankfurt,Sofa,Furniture,25000,2,2026-04-15
ORD10782,Gregg Davis,USA,New York,Football,Sports,900,3,2025-03-18
ORD10783,Tyler Johnson,USA,Austin,Table,Furniture,6000,1,2025-02-07
ORD10784,Alexander Lewis,Germany,Berlin,Cricket Bat,Sports,2200,4,2025-07-22
ORD10784,Alexander Lewis,Germany,Berlin,Sofa,Furniture,25000,3,2025-07-22
ORD10785,Susan Becker,UK,London,Keyboard,Electronics,1500,3,2026-02-02
ORD10785,Susan Becker,UK,London,Jeans,Clothing,1800,2,2026-02-02
ORD10786,Steven Williams,Canada,Toronto,Cricket Bat,Sports,2200,5,2026-04-05
ORD10787,Haley Cox,India,Pune,Jacket,Clothing,3500,2,2025-09-23
ORD10788,Sherry Walker,Canada,Calgary,AI Handbook,Books,1200,2,2025-05-03
ORD10788,Sherry Walker,Canada,Calgary,AI Handbook,Books,1200,5,2025-05-03
ORD10789,Selena Poole,Germany,Hamburg,Jacket,Clothing,3500,3,2025-07-17
ORD10789,Selena Poole,Germany,Hamburg,AI Handbook,Books,1200,1,2025-07-17
ORD10790,Steven Clark,India,Ahmedabad,AI Handbook,Books,1200,3,2026-05-24
ORD10791,Lynn Rios,Germany,Berlin,Monitor,Electronics,12000,1,2024-07-02
ORD10792,Timothy Hernandez,India,Surat,T-Shirt,Clothing,800,4,2026-01-13
ORD10792,Timothy Hernandez,India,Surat,Chair,Furniture,2500,4,2026-01-13
ORD10792,Timothy Hernandez,India,Surat,Python Book,Books,900,5,2026-01-13
ORD10793,Jessica Middleton,India,Surat,Mouse,Electronics,700,3,2026-04-28
ORD10793,Jessica Middleton,India,Surat,Python Book,Books,900,2,2026-04-28
ORD10793,Jessica Middleton,India,Surat,Sofa,Furniture,25000,3,2026-04-28
ORD10794,Robert Spence,Canada,Toronto,AI Handbook,Books,1200,3,2026-02-20
ORD10794,Robert Spence,Canada,Toronto,Table,Furniture,6000,2,2026-02-20
ORD10794,Robert Spence,Canada,Toronto,Laptop,Electronics,50000,3,2026-02-20
ORD10795,Michael Smith,India,Delhi,Python Book,Books,900,2,2024-12-05
ORD10796,Frank Ryan,UK,London,Laptop,Electronics,50000,4,2025-12-19
ORD10796,Frank Ryan,UK,London,AI Handbook,Books,1200,2,2025-12-19
ORD10797,Kevin Dickerson,USA,New York,AI Handbook,Books,1200,2,2025-02-01
ORD10797,Kevin Dickerson,USA,New York,T-Shirt,Clothing,800,5,2025-02-01
ORD10797,Kevin Dickerson,USA,New York,Jeans,Clothing,1800,3,2025-02-01
ORD10798,Dylan Garcia,India,Mumbai,Monitor,Electronics,12000,3,2024-10-29
ORD10798,Dylan Garcia,India,Mumbai,Mouse,Electronics,700,1,2024-10-29
ORD10798,Dylan Garcia,India,Mumbai,Python Book,Books,900,1,2024-10-29
ORD10799,Suzanne Weiss,Canada,Calgary,Jacket,Clothing,3500,3,2024-11-03
ORD10799,Suzanne Weiss,Canada,Calgary,Football,Sports,900,3,2024-11-03
ORD10799,Suzanne Weiss,Canada,Calgary,Sofa,Furniture,25000,5,2024-11-03
ORD10800,Crystal Boyd,Germany,Berlin,Tennis Racket,Sports,3500,1,2025-08-26
ORD10801,Stephanie Gordon,Canada,Toronto,Mouse,Electronics,700,5,2024-06-22
ORD10802,Debbie Baker,India,Pune,T-Shirt,Clothing,800,3,2025-04-26
ORD10802,Debbie Baker,India,Pune,T-Shirt,Clothing,800,4,2025-04-26
ORD10802,Debbie Baker,India,Pune,Cricket Bat,Sports,2200,2,2025-04-26
ORD10803,Ian Rivas,India,Delhi,Jeans,Clothing,1800,1,2025-10-24
ORD10803,Ian Rivas,India,Delhi,Keyboard,Electronics,1500,5,2025-10-24
ORD10804,Megan Bates,UK,London,Mouse,Electronics,700,3,2025-04-27
ORD10804,Megan Bates,UK,London,Chair,Furniture,2500,2,2025-04-27
ORD10804,Megan Bates,UK,London,Jacket,Clothing,3500,4,2025-04-27
ORD10805,Devin Stewart,India,Ahmedabad,Football,Sports,900,2,2025-01-03
ORD10806,Jennifer May,Germany,Berlin,Tennis Racket,Sports,3500,2,2025-10-18
ORD10807,Kenneth Allen,India,Surat,Mouse,Electronics,700,2,2025-04-17
ORD10807,Kenneth Allen,India,Surat,Jeans,Clothing,1800,2,2025-04-17
ORD10807,Kenneth Allen,India,Surat,Table,Furniture,6000,5,2025-04-17
ORD10808,Michael White,UK,London,Keyboard,Electronics,1500,3,2024-09-17
ORD10809,Angela Kane,Germany,Munich,Tennis Racket,Sports,3500,5,2025-10-14
ORD10809,Angela Kane,Germany,Munich,Cricket Bat,Sports,2200,3,2025-10-14
ORD10809,Angela Kane,Germany,Munich,Tennis Racket,Sports,3500,1,2025-10-14
ORD10810,Anthony Flores,Canada,Vancouver,Tennis Racket,Sports,3500,4,2025-08-22
ORD10810,Anthony Flores,Canada,Vancouver,Keyboard,Electronics,1500,4,2025-08-22
ORD10811,David Rose,UK,Birmingham,Keyboard,Electronics,1500,5,2026-02-06
ORD10811,David Rose,UK,Birmingham,Chair,Furniture,2500,5,2026-02-06
ORD10812,Mark Barron,Canada,Calgary,Jacket,Clothing,3500,1,2025-04-23
ORD10812,Mark Barron,Canada,Calgary,Mouse,Electronics,700,3,2025-04-23
ORD10812,Mark Barron,Canada,Calgary,Football,Sports,900,1,2025-04-23
ORD10813,Jonathan White,Germany,Hamburg,Python Book,Books,900,2,2024-07-13
ORD10813,Jonathan White,Germany,Hamburg,AI Handbook,Books,1200,3,2024-07-13
ORD10813,Jonathan White,Germany,Hamburg,Mouse,Electronics,700,1,2024-07-13
ORD10814,Christopher Gonzalez Jr.,UK,Leeds,Jeans,Clothing,1800,5,2024-10-18
ORD10814,Christopher Gonzalez Jr.,UK,Leeds,Jeans,Clothing,1800,3,2024-10-18
ORD10814,Christopher Gonzalez Jr.,UK,Leeds,AI Handbook,Books,1200,5,2024-10-18
ORD10815,Samantha Higgins,USA,New York,Jacket,Clothing,3500,5,2025-12-16
ORD10816,Carlos Rodriguez,Canada,Calgary,Jeans,Clothing,1800,5,2026-06-10
ORD10817,Angela Bell,USA,Boston,AI Handbook,Books,1200,2,2026-01-03
ORD10817,Angela Bell,USA,Boston,Chair,Furniture,2500,2,2026-01-03
ORD10818,Samantha Rhodes,Canada,Toronto,Keyboard,Electronics,1500,1,2026-03-27
ORD10818,Samantha Rhodes,Canada,Toronto,Table,Furniture,6000,1,2026-03-27
ORD10819,Bobby Green DDS,Germany,Berlin,Mouse,Electronics,700,1,2025-03-15
ORD10819,Bobby Green DDS,Germany,Berlin,Jacket,Clothing,3500,5,2025-03-15
ORD10820,Teresa Boyer,India,Mumbai,Table,Furniture,6000,5,2025-01-31
ORD10821,Holly Hodges,UK,Birmingham,Jeans,Clothing,1800,1,2025-10-15
ORD10821,Holly Hodges,UK,Birmingham,T-Shirt,Clothing,800,4,2025-10-15
ORD10821,Holly Hodges,UK,Birmingham,Monitor,Electronics,12000,1,2025-10-15
ORD10822,Lisa Hernandez,India,Delhi,Python Book,Books,900,5,2026-05-27
ORD10822,Lisa Hernandez,India,Delhi,Jeans,Clothing,1800,5,2026-05-27
ORD10822,Lisa Hernandez,India,Delhi,Cricket Bat,Sports,2200,1,2026-05-27
ORD10823,Clayton Day,India,Mumbai,Python Book,Books,900,2,2024-11-16
ORD10823,Clayton Day,India,Mumbai,T-Shirt,Clothing,800,1,2024-11-16
ORD10823,Clayton Day,India,Mumbai,Chair,Furniture,2500,2,2024-11-16
ORD10824,Phillip Caldwell,India,Mumbai,Jeans,Clothing,1800,1,2025-10-07
ORD10825,Daniel Gibbs,Germany,Munich,Jeans,Clothing,1800,1,2026-04-10
ORD10825,Daniel Gibbs,Germany,Munich,Sofa,Furniture,25000,4,2026-04-10
ORD10826,Keith Reed,Canada,Calgary,Jacket,Clothing,3500,2,2025-09-08
ORD10826,Keith Reed,Canada,Calgary,AI Handbook,Books,1200,5,2025-09-08
ORD10826,Keith Reed,Canada,Calgary,Jacket,Clothing,3500,3,2025-09-08
ORD10827,Nicole Hale,Canada,Toronto,Chair,Furniture,2500,4,2026-04-27
ORD10828,Jesse Alexander,Germany,Hamburg,Table,Furniture,6000,2,2025-05-27
ORD10828,Jesse Alexander,Germany,Hamburg,Mouse,Electronics,700,4,2025-05-27
ORD10829,Elizabeth Hendrix,UK,Manchester,Table,Furniture,6000,5,2026-04-12
ORD10830,Jessica Marshall,UK,Leeds,Football,Sports,900,3,2024-09-25
ORD10831,Teresa Lane,UK,Birmingham,Monitor,Electronics,12000,5,2025-01-31
ORD10831,Teresa Lane,UK,Birmingham,Jeans,Clothing,1800,5,2025-01-31
ORD10832,Daniel Hanson,Germany,Hamburg,SQL Book,Books,750,4,2026-04-18
ORD10832,Daniel Hanson,Germany,Hamburg,Python Book,Books,900,1,2026-04-18
ORD10833,Autumn Estrada,Germany,Frankfurt,Chair,Furniture,2500,1,2025-06-26
ORD10834,Marc Rice,Germany,Berlin,Tennis Racket,Sports,3500,1,2024-10-12
ORD10834,Marc Rice,Germany,Berlin,AI Handbook,Books,1200,3,2024-10-12
ORD10835,Jessica Morrison,Germany,Berlin,SQL Book,Books,750,2,2025-12-24
ORD10835,Jessica Morrison,Germany,Berlin,SQL Book,Books,750,1,2025-12-24
ORD10835,Jessica Morrison,Germany,Berlin,Laptop,Electronics,50000,3,2025-12-24
ORD10836,Mark Contreras,Canada,Vancouver,Monitor,Electronics,12000,5,2025-09-09
ORD10836,Mark Contreras,Canada,Vancouver,Sofa,Furniture,25000,3,2025-09-09
ORD10837,Melanie Bush,Germany,Frankfurt,Laptop,Electronics,50000,2,2025-04-25
ORD10837,Melanie Bush,Germany,Frankfurt,Sofa,Furniture,25000,2,2025-04-25
ORD10837,Melanie Bush,Germany,Frankfurt,Table,Furniture,6000,3,2025-04-25
ORD10838,Susan Martinez,India,Pune,Jeans,Clothing,1800,2,2026-03-15
ORD10838,Susan Martinez,India,Pune,Football,Sports,900,4,2026-03-15
ORD10839,Lauren Ramirez,Germany,Munich,AI Handbook,Books,1200,2,2025-02-22
ORD10839,Lauren Ramirez,Germany,Munich,Jeans,Clothing,1800,4,2025-02-22
ORD10840,Beth Price,Canada,Toronto,Sofa,Furniture,25000,1,2024-10-01
ORD10841,John Bates,USA,New York,Table,Furniture,6000,3,2025-10-09
ORD10842,Shane Wilkerson,Canada,Toronto,SQL Book,Books,750,3,2026-05-11
ORD10842,Shane Wilkerson,Canada,Toronto,SQL Book,Books,750,5,2026-05-11
ORD10842,Shane Wilkerson,Canada,Toronto,Chair,Furniture,2500,2,2026-05-11
ORD10843,David Arias,UK,London,Cricket Bat,Sports,2200,3,2024-12-14
ORD10843,David Arias,UK,London,Table,Furniture,6000,2,2024-12-14
ORD10844,Stacey Lee,UK,Birmingham,Tennis Racket,Sports,3500,1,2025-12-20
ORD10844,Stacey Lee,UK,Birmingham,Football,Sports,900,3,2025-12-20
ORD10844,Stacey Lee,UK,Birmingham,Python Book,Books,900,4,2025-12-20
ORD10845,Erica Hines,India,Ahmedabad,Monitor,Electronics,12000,3,2025-10-22
ORD10845,Erica Hines,India,Ahmedabad,Chair,Furniture,2500,4,2025-10-22
ORD10846,Jennifer Harrison,India,Surat,Tennis Racket,Sports,3500,3,2025-10-31
ORD10846,Jennifer Harrison,India,Surat,Table,Furniture,6000,5,2025-10-31
ORD10847,Sarah Clay,Canada,Toronto,T-Shirt,Clothing,800,2,2024-09-12
ORD10847,Sarah Clay,Canada,Toronto,Jacket,Clothing,3500,3,2024-09-12
ORD10847,Sarah Clay,Canada,Toronto,Keyboard,Electronics,1500,4,2024-09-12
ORD10848,Peter Hill,Canada,Calgary,T-Shirt,Clothing,800,4,2025-08-31
ORD10848,Peter Hill,Canada,Calgary,Monitor,Electronics,12000,3,2025-08-31
ORD10849,William Lester,UK,Birmingham,Jeans,Clothing,1800,1,2025-07-10
ORD10849,William Lester,UK,Birmingham,Laptop,Electronics,50000,2,2025-07-10
ORD10849,William Lester,UK,Birmingham,Mouse,Electronics,700,5,2025-07-10
ORD10850,Dylan Ewing,USA,Chicago,AI Handbook,Books,1200,3,2024-10-26
ORD10850,Dylan Ewing,USA,Chicago,T-Shirt,Clothing,800,5,2024-10-26
ORD10850,Dylan Ewing,USA,Chicago,Table,Furniture,6000,5,2024-10-26
ORD10851,Michael Chang,India,Pune,Tennis Racket,Sports,3500,4,2025-03-27
ORD10851,Michael Chang,India,Pune,Cricket Bat,Sports,2200,2,2025-03-27
ORD10851,Michael Chang,India,Pune,SQL Book,Books,750,5,2025-03-27
ORD10852,James Burns,Canada,Calgary,Football,Sports,900,4,2026-01-02
ORD10852,James Burns,Canada,Calgary,SQL Book,Books,750,3,2026-01-02
ORD10852,James Burns,Canada,Calgary,AI Handbook,Books,1200,3,2026-01-02
ORD10853,Randy Harper,Canada,Montreal,Mouse,Electronics,700,3,2025-12-26
ORD10853,Randy Harper,Canada,Montreal,Sofa,Furniture,25000,1,2025-12-26
ORD10854,Arthur Robertson,USA,Austin,Chair,Furniture,2500,4,2024-06-19
ORD10855,Connie Jacobs,UK,Leeds,Keyboard,Electronics,1500,3,2024-12-22
ORD10855,Connie Jacobs,UK,Leeds,Monitor,Electronics,12000,4,2024-12-22
ORD10855,Connie Jacobs,UK,Leeds,Mouse,Electronics,700,2,2024-12-22
ORD10856,Barbara Clark,UK,Birmingham,Sofa,Furniture,25000,1,2026-05-03
ORD10857,Kristen Shepard,UK,Leeds,SQL Book,Books,750,5,2024-09-11
ORD10857,Kristen Shepard,UK,Leeds,Jacket,Clothing,3500,3,2024-09-11
ORD10857,Kristen Shepard,UK,Leeds,Tennis Racket,Sports,3500,3,2024-09-11
ORD10858,Jessica Graves,USA,New York,Jeans,Clothing,1800,1,2024-11-04
ORD10859,Kathy Valencia,USA,Austin,Jeans,Clothing,1800,5,2024-12-29
ORD10859,Kathy Valencia,USA,Austin,Cricket Bat,Sports,2200,1,2024-12-29
ORD10860,Nicholas Baxter,UK,London,Mouse,Electronics,700,5,2024-12-11
ORD10860,Nicholas Baxter,UK,London,Jacket,Clothing,3500,3,2024-12-11
ORD10860,Nicholas Baxter,UK,London,Football,Sports,900,5,2024-12-11
ORD10861,Jonathan Cruz,Canada,Vancouver,SQL Book,Books,750,1,2024-09-05
ORD10861,Jonathan Cruz,Canada,Vancouver,Cricket Bat,Sports,2200,2,2024-09-05
ORD10862,Mandy Smith,UK,Leeds,Mouse,Electronics,700,2,2026-03-11
ORD10863,John Ramirez,India,Delhi,SQL Book,Books,750,4,2024-11-23
ORD10864,Amy Johnson,Germany,Frankfurt,Cricket Bat,Sports,2200,5,2024-07-24
ORD10864,Amy Johnson,Germany,Frankfurt,Mouse,Electronics,700,4,2024-07-24
ORD10864,Amy Johnson,Germany,Frankfurt,T-Shirt,Clothing,800,4,2024-07-24
ORD10865,Christopher Gaines,Germany,Frankfurt,Jeans,Clothing,1800,2,2025-01-24
ORD10865,Christopher Gaines,Germany,Frankfurt,T-Shirt,Clothing,800,2,2025-01-24
ORD10865,Christopher Gaines,Germany,Frankfurt,Tennis Racket,Sports,3500,2,2025-01-24
ORD10866,Mariah Henson,Canada,Montreal,Keyboard,Electronics,1500,4,2025-07-30
ORD10866,Mariah Henson,Canada,Montreal,Mouse,Electronics,700,4,2025-07-30
ORD10866,Mariah Henson,Canada,Montreal,Sofa,Furniture,25000,1,2025-07-30
ORD10867,Tony Nguyen,Germany,Frankfurt,Tennis Racket,Sports,3500,5,2024-09-16
ORD10867,Tony Nguyen,Germany,Frankfurt,Python Book,Books,900,1,2024-09-16
ORD10867,Tony Nguyen,Germany,Frankfurt,Jeans,Clothing,1800,1,2024-09-16
ORD10868,Sally Humphrey,UK,Birmingham,Table,Furniture,6000,4,2024-11-09
ORD10868,Sally Humphrey,UK,Birmingham,Jacket,Clothing,3500,1,2024-11-09
ORD10869,Glen Figueroa,Canada,Toronto,Football,Sports,900,5,2025-08-04
ORD10870,Debra Hoffman,Canada,Vancouver,Monitor,Electronics,12000,4,2026-03-28
ORD10870,Debra Hoffman,Canada,Vancouver,SQL Book,Books,750,2,2026-03-28
ORD10870,Debra Hoffman,Canada,Vancouver,SQL Book,Books,750,5,2026-03-28
ORD10871,Jennifer Mills,Canada,Montreal,Tennis Racket,Sports,3500,2,2025-09-10
ORD10872,Rhonda Velazquez,USA,Chicago,Table,Furniture,6000,4,2026-01-25
ORD10873,James Smith,USA,Chicago,Monitor,Electronics,12000,4,2026-05-28
ORD10874,Patricia Santana,India,Surat,SQL Book,Books,750,5,2025-02-15
ORD10874,Patricia Santana,India,Surat,Cricket Bat,Sports,2200,5,2025-02-15
ORD10875,Cynthia Mckinney,UK,London,AI Handbook,Books,1200,3,2026-04-02
ORD10875,Cynthia Mckinney,UK,London,Jeans,Clothing,1800,3,2026-04-02
ORD10876,Matthew Gonzales,Canada,Calgary,Mouse,Electronics,700,2,2024-09-09
ORD10876,Matthew Gonzales,Canada,Calgary,T-Shirt,Clothing,800,4,2024-09-09
ORD10877,Michael Martin,USA,Seattle,Cricket Bat,Sports,2200,3,2024-12-27
ORD10877,Michael Martin,USA,Seattle,Tennis Racket,Sports,3500,1,2024-12-27
ORD10877,Michael Martin,USA,Seattle,AI Handbook,Books,1200,2,2024-12-27
ORD10878,James Bonilla,Canada,Calgary,Table,Furniture,6000,5,2026-02-10
ORD10878,James Bonilla,Canada,Calgary,T-Shirt,Clothing,800,5,2026-02-10
ORD10879,Zachary Singleton,Canada,Calgary,T-Shirt,Clothing,800,3,2026-03-03
ORD10880,Brian Vaughan,USA,Boston,Football,Sports,900,5,2024-09-11
ORD10880,Brian Vaughan,USA,Boston,AI Handbook,Books,1200,3,2024-09-11
ORD10880,Brian Vaughan,USA,Boston,Jacket,Clothing,3500,4,2024-09-11
ORD10881,Katherine Turner,Germany,Frankfurt,Tennis Racket,Sports,3500,3,2025-05-04
ORD10881,Katherine Turner,Germany,Frankfurt,Jeans,Clothing,1800,3,2025-05-04
ORD10881,Katherine Turner,Germany,Frankfurt,Tennis Racket,Sports,3500,2,2025-05-04
ORD10882,Judith Robertson,USA,Seattle,Sofa,Furniture,25000,1,2025-04-25
ORD10883,Gregory Todd,UK,Leeds,T-Shirt,Clothing,800,2,2025-07-12
ORD10883,Gregory Todd,UK,Leeds,AI Handbook,Books,1200,5,2025-07-12
ORD10884,Judith Glenn,Canada,Calgary,Football,Sports,900,3,2025-06-23
ORD10884,Judith Glenn,Canada,Calgary,Table,Furniture,6000,1,2025-06-23
ORD10884,Judith Glenn,Canada,Calgary,T-Shirt,Clothing,800,3,2025-06-23
ORD10885,Tina Simmons,USA,New York,T-Shirt,Clothing,800,4,2025-04-03
ORD10886,Jonathan Martinez,USA,Seattle,AI Handbook,Books,1200,3,2025-11-22
ORD10886,Jonathan Martinez,USA,Seattle,Cricket Bat,Sports,2200,2,2025-11-22
ORD10887,Krystal Murray,Germany,Frankfurt,Python Book,Books,900,4,2025-04-24
ORD10887,Krystal Murray,Germany,Frankfurt,Chair,Furniture,2500,1,2025-04-24
ORD10888,Richard Jones,UK,Manchester,AI Handbook,Books,1200,5,2025-10-18
ORD10888,Richard Jones,UK,Manchester,Tennis Racket,Sports,3500,4,2025-10-18
ORD10889,Joshua Parks,Germany,Munich,AI Handbook,Books,1200,4,2025-04-24
ORD10889,Joshua Parks,Germany,Munich,Tennis Racket,Sports,3500,2,2025-04-24
ORD10889,Joshua Parks,Germany,Munich,T-Shirt,Clothing,800,3,2025-04-24
ORD10890,Adrienne Williams,USA,Seattle,Football,Sports,900,5,2024-11-15
ORD10890,Adrienne Williams,USA,Seattle,Football,Sports,900,1,2024-11-15
ORD10891,Alejandro Alvarez,Canada,Vancouver,AI Handbook,Books,1200,1,2026-04-15
ORD10892,Adrian Robinson,UK,Birmingham,Tennis Racket,Sports,3500,5,2025-10-10
ORD10893,Kenneth Wright Jr.,Canada,Toronto,Table,Furniture,6000,4,2025-06-19
ORD10893,Kenneth Wright Jr.,Canada,Toronto,AI Handbook,Books,1200,5,2025-06-19
ORD10893,Kenneth Wright Jr.,Canada,Toronto,AI Handbook,Books,1200,4,2025-06-19
ORD10894,Stephen Colon,Germany,Munich,Jeans,Clothing,1800,5,2024-09-13
ORD10894,Stephen Colon,Germany,Munich,SQL Book,Books,750,5,2024-09-13
ORD10894,Stephen Colon,Germany,Munich,Jacket,Clothing,3500,5,2024-09-13
ORD10895,Elizabeth Turner,USA,Chicago,T-Shirt,Clothing,800,3,2025-05-10
ORD10895,Elizabeth Turner,USA,Chicago,Sofa,Furniture,25000,2,2025-05-10
ORD10895,Elizabeth Turner,USA,Chicago,Laptop,Electronics,50000,1,2025-05-10
ORD10896,Theresa Miller,UK,London,Mouse,Electronics,700,4,2025-08-19
ORD10896,Theresa Miller,UK,London,Sofa,Furniture,25000,2,2025-08-19
ORD10896,Theresa Miller,UK,London,Python Book,Books,900,4,2025-08-19
ORD10897,Laura Anderson,Canada,Vancouver,Laptop,Electronics,50000,4,2025-10-08
ORD10897,Laura Anderson,Canada,Vancouver,Keyboard,Electronics,1500,1,2025-10-08
ORD10897,Laura Anderson,Canada,Vancouver,Sofa,Furniture,25000,2,2025-10-08
ORD10898,Chris Ward,Canada,Calgary,Tennis Racket,Sports,3500,1,2025-10-18
ORD10898,Chris Ward,Canada,Calgary,Chair,Furniture,2500,1,2025-10-18
ORD10899,Leslie Smith,India,Ahmedabad,Sofa,Furniture,25000,4,2025-02-13
ORD10899,Leslie Smith,India,Ahmedabad,Tennis Racket,Sports,3500,4,2025-02-13
ORD10900,Cameron Long,Canada,Calgary,SQL Book,Books,750,4,2026-03-07
ORD10900,Cameron Long,Canada,Calgary,T-Shirt,Clothing,800,1,2026-03-07
ORD10901,Angela Collins,Canada,Calgary,T-Shirt,Clothing,800,3,2024-10-11
ORD10902,Jordan Nguyen,USA,Boston,Cricket Bat,Sports,2200,2,2025-06-05
ORD10902,Jordan Nguyen,USA,Boston,Keyboard,Electronics,1500,1,2025-06-05
ORD10903,Adam Barr,USA,Boston,Jacket,Clothing,3500,4,2026-05-07
ORD10903,Adam Barr,USA,Boston,Tennis Racket,Sports,3500,3,2026-05-07
ORD10903,Adam Barr,USA,Boston,Python Book,Books,900,1,2026-05-07
ORD10904,Kathryn Williams,UK,Birmingham,Cricket Bat,Sports,2200,5,2026-06-11
ORD10904,Kathryn Williams,UK,Birmingham,Monitor,Electronics,12000,3,2026-06-11
ORD10905,Jeanette Perez,UK,Birmingham,Tennis Racket,Sports,3500,5,2026-05-26
ORD10906,Ryan Benjamin,Canada,Montreal,SQL Book,Books,750,3,2026-04-27
ORD10907,Angela Arias,Germany,Frankfurt,Tennis Racket,Sports,3500,2,2024-11-03
ORD10907,Angela Arias,Germany,Frankfurt,AI Handbook,Books,1200,4,2024-11-03
ORD10907,Angela Arias,Germany,Frankfurt,Jacket,Clothing,3500,3,2024-11-03
ORD10908,David Burnett,UK,Leeds,Cricket Bat,Sports,2200,1,2026-02-15
ORD10908,David Burnett,UK,Leeds,Jeans,Clothing,1800,3,2026-02-15
ORD10908,David Burnett,UK,Leeds,Tennis Racket,Sports,3500,4,2026-02-15
ORD10909,Amber Mcmahon,Germany,Frankfurt,Python Book,Books,900,1,2025-01-16
ORD10909,Amber Mcmahon,Germany,Frankfurt,SQL Book,Books,750,5,2025-01-16
ORD10909,Amber Mcmahon,Germany,Frankfurt,Football,Sports,900,3,2025-01-16
ORD10910,Lori Allen,Canada,Montreal,AI Handbook,Books,1200,4,2026-03-31
ORD10910,Lori Allen,Canada,Montreal,Jacket,Clothing,3500,2,2026-03-31
ORD10910,Lori Allen,Canada,Montreal,Jacket,Clothing,3500,1,2026-03-31
ORD10911,Alison Berger,Germany,Hamburg,Cricket Bat,Sports,2200,4,2024-07-24
ORD10911,Alison Berger,Germany,Hamburg,Jacket,Clothing,3500,1,2024-07-24
ORD10911,Alison Berger,Germany,Hamburg,Tennis Racket,Sports,3500,3,2024-07-24
ORD10912,Jeffrey Jackson,Canada,Montreal,Keyboard,Electronics,1500,3,2026-06-12
ORD10912,Jeffrey Jackson,Canada,Montreal,SQL Book,Books,750,2,2026-06-12
ORD10912,Jeffrey Jackson,Canada,Montreal,Jacket,Clothing,3500,1,2026-06-12
ORD10913,Alejandro Rivera,Germany,Frankfurt,Table,Furniture,6000,2,2025-09-28
ORD10914,Christopher Wilson,UK,Leeds,Sofa,Furniture,25000,4,2025-07-12
ORD10915,Amanda Quinn,India,Surat,Table,Furniture,6000,5,2025-07-03
ORD10915,Amanda Quinn,India,Surat,Table,Furniture,6000,2,2025-07-03
ORD10916,John Porter,Germany,Frankfurt,Chair,Furniture,2500,5,2026-06-15
ORD10917,Rebecca Smith,UK,Leeds,Cricket Bat,Sports,2200,1,2025-12-28
ORD10917,Rebecca Smith,UK,Leeds,Python Book,Books,900,3,2025-12-28
ORD10918,Brandi Lee MD,Germany,Berlin,Mouse,Electronics,700,5,2025-01-30
ORD10919,Christopher Mason,India,Ahmedabad,Keyboard,Electronics,1500,2,2024-09-15
ORD10919,Christopher Mason,India,Ahmedabad,AI Handbook,Books,1200,2,2024-09-15
ORD10920,Kellie Dixon MD,Canada,Calgary,Cricket Bat,Sports,2200,1,2025-08-05
ORD10921,Craig Mclaughlin,Canada,Vancouver,Keyboard,Electronics,1500,3,2025-03-30
ORD10921,Craig Mclaughlin,Canada,Vancouver,Sofa,Furniture,25000,4,2025-03-30
ORD10922,Linda Carrillo,India,Surat,Football,Sports,900,1,2024-07-13
ORD10923,Becky Graves,Canada,Montreal,Python Book,Books,900,1,2026-01-27
ORD10924,Carla Fisher,USA,Seattle,SQL Book,Books,750,4,2026-03-20
ORD10924,Carla Fisher,USA,Seattle,Jacket,Clothing,3500,1,2026-03-20
ORD10924,Carla Fisher,USA,Seattle,Sofa,Furniture,25000,4,2026-03-20
ORD10925,Steven Mendoza,India,Surat,SQL Book,Books,750,4,2024-09-30
ORD10926,Sarah White,Canada,Vancouver,Chair,Furniture,2500,5,2025-07-16
ORD10927,Scott Haas,Germany,Frankfurt,Keyboard,Electronics,1500,2,2024-09-02
ORD10927,Scott Haas,Germany,Frankfurt,Monitor,Electronics,12000,5,2024-09-02
ORD10927,Scott Haas,Germany,Frankfurt,Jacket,Clothing,3500,4,2024-09-02
ORD10928,Katherine Frank,Germany,Hamburg,SQL Book,Books,750,3,2025-10-27
ORD10928,Katherine Frank,Germany,Hamburg,AI Handbook,Books,1200,3,2025-10-27
ORD10929,Cody Smith,Canada,Montreal,SQL Book,Books,750,3,2025-03-27
ORD10929,Cody Smith,Canada,Montreal,Mouse,Electronics,700,3,2025-03-27
ORD10930,Terry Cummings,Canada,Toronto,SQL Book,Books,750,3,2024-09-20
ORD10930,Terry Cummings,Canada,Toronto,T-Shirt,Clothing,800,4,2024-09-20
ORD10930,Terry Cummings,Canada,Toronto,Sofa,Furniture,25000,5,2024-09-20
ORD10931,Jordan Allen,USA,Seattle,Mouse,Electronics,700,2,2026-02-06
ORD10931,Jordan Allen,USA,Seattle,Jeans,Clothing,1800,1,2026-02-06
ORD10931,Jordan Allen,USA,Seattle,Sofa,Furniture,25000,1,2026-02-06
ORD10932,Mark Snyder,Germany,Berlin,Python Book,Books,900,1,2024-11-03
ORD10932,Mark Snyder,Germany,Berlin,Football,Sports,900,4,2024-11-03
ORD10932,Mark Snyder,Germany,Berlin,Tennis Racket,Sports,3500,5,2024-11-03
ORD10933,Gregory Gaines,India,Ahmedabad,Laptop,Electronics,50000,5,2025-02-22
ORD10933,Gregory Gaines,India,Ahmedabad,Keyboard,Electronics,1500,2,2025-02-22
ORD10933,Gregory Gaines,India,Ahmedabad,Football,Sports,900,1,2025-02-22
ORD10934,Gregory Vargas,India,Surat,Tennis Racket,Sports,3500,2,2026-04-26
ORD10935,Rachel Young,India,Pune,Keyboard,Electronics,1500,5,2025-10-27
ORD10935,Rachel Young,India,Pune,Cricket Bat,Sports,2200,3,2025-10-27
ORD10936,Morgan Walker,Germany,Berlin,T-Shirt,Clothing,800,4,2025-07-07
ORD10936,Morgan Walker,Germany,Berlin,Tennis Racket,Sports,3500,1,2025-07-07
ORD10936,Morgan Walker,Germany,Berlin,T-Shirt,Clothing,800,3,2025-07-07
ORD10937,Thomas White,UK,Birmingham,SQL Book,Books,750,1,2024-11-28
ORD10938,Clayton Martin,India,Pune,Sofa,Furniture,25000,3,2024-07-23
ORD10938,Clayton Martin,India,Pune,SQL Book,Books,750,2,2024-07-23
ORD10939,Matthew Adams,Germany,Frankfurt,Table,Furniture,6000,2,2026-02-14
ORD10939,Matthew Adams,Germany,Frankfurt,Table,Furniture,6000,4,2026-02-14
ORD10940,Laura Rodriguez,Germany,Hamburg,Cricket Bat,Sports,2200,1,2024-11-28
ORD10941,Ryan Diaz,India,Surat,Tennis Racket,Sports,3500,2,2024-07-14
ORD10941,Ryan Diaz,India,Surat,Jacket,Clothing,3500,4,2024-07-14
ORD10942,Melinda Padilla,UK,Birmingham,Jeans,Clothing,1800,2,2024-08-13
ORD10942,Melinda Padilla,UK,Birmingham,Football,Sports,900,2,2024-08-13
ORD10943,Deborah Brown,USA,Austin,Table,Furniture,6000,2,2025-04-10
ORD10944,Keith Valenzuela,Germany,Frankfurt,Monitor,Electronics,12000,5,2025-09-09
ORD10944,Keith Valenzuela,Germany,Frankfurt,Jeans,Clothing,1800,3,2025-09-09
ORD10945,Jenna Moore,Germany,Berlin,T-Shirt,Clothing,800,3,2025-01-03
ORD10946,Steven Bailey,USA,Boston,Jeans,Clothing,1800,2,2025-11-03
ORD10946,Steven Bailey,USA,Boston,Monitor,Electronics,12000,1,2025-11-03
ORD10947,Andrew Bridges,Germany,Hamburg,Keyboard,Electronics,1500,5,2025-05-31
ORD10948,Gabriel Stephens,USA,Chicago,Chair,Furniture,2500,4,2026-01-31
ORD10948,Gabriel Stephens,USA,Chicago,Python Book,Books,900,5,2026-01-31
ORD10948,Gabriel Stephens,USA,Chicago,Laptop,Electronics,50000,3,2026-01-31
ORD10949,John Howard,UK,Manchester,AI Handbook,Books,1200,5,2026-01-14
ORD10949,John Howard,UK,Manchester,Keyboard,Electronics,1500,3,2026-01-14
ORD10949,John Howard,UK,Manchester,Monitor,Electronics,12000,3,2026-01-14
ORD10950,Joshua Hernandez,Germany,Munich,AI Handbook,Books,1200,3,2026-02-06
ORD10950,Joshua Hernandez,Germany,Munich,Chair,Furniture,2500,4,2026-02-06
ORD10950,Joshua Hernandez,Germany,Munich,Jeans,Clothing,1800,5,2026-02-06
ORD10951,Michael Edwards,USA,Boston,SQL Book,Books,750,2,2024-08-21
ORD10952,Joshua Brown,Canada,Calgary,T-Shirt,Clothing,800,5,2024-12-17
ORD10952,Joshua Brown,Canada,Calgary,Python Book,Books,900,1,2024-12-17
ORD10952,Joshua Brown,Canada,Calgary,Laptop,Electronics,50000,1,2024-12-17
ORD10953,Timothy Lopez,USA,Chicago,Laptop,Electronics,50000,2,2024-12-17
ORD10953,Timothy Lopez,USA,Chicago,Tennis Racket,Sports,3500,3,2024-12-17
ORD10954,Samantha Carson,Germany,Hamburg,Football,Sports,900,2,2025-10-01
ORD10954,Samantha Carson,Germany,Hamburg,Tennis Racket,Sports,3500,5,2025-10-01
ORD10955,Michael Taylor,Germany,Berlin,AI Handbook,Books,1200,2,2024-06-22
ORD10955,Michael Taylor,Germany,Berlin,Chair,Furniture,2500,5,2024-06-22
ORD10956,Brandon Jordan,India,Pune,Keyboard,Electronics,1500,2,2026-06-06
ORD10956,Brandon Jordan,India,Pune,Chair,Furniture,2500,5,2026-06-06
ORD10956,Brandon Jordan,India,Pune,SQL Book,Books,750,5,2026-06-06
ORD10957,Janet Morales,India,Delhi,AI Handbook,Books,1200,5,2025-08-25
ORD10958,Rachel Dyer,USA,Austin,Chair,Furniture,2500,1,2025-11-01
ORD10958,Rachel Dyer,USA,Austin,Jeans,Clothing,1800,5,2025-11-01
ORD10958,Rachel Dyer,USA,Austin,Football,Sports,900,3,2025-11-01
ORD10959,Cathy Nunez,India,Delhi,Jacket,Clothing,3500,5,2025-04-04
ORD10959,Cathy Nunez,India,Delhi,Sofa,Furniture,25000,4,2025-04-04
ORD10959,Cathy Nunez,India,Delhi,Keyboard,Electronics,1500,5,2025-04-04
ORD10960,April Nelson,Germany,Frankfurt,Table,Furniture,6000,2,2024-07-31
ORD10961,Rebecca Mata,UK,Leeds,Chair,Furniture,2500,5,2025-09-17
ORD10961,Rebecca Mata,UK,Leeds,Jacket,Clothing,3500,1,2025-09-17
ORD10961,Rebecca Mata,UK,Leeds,Jeans,Clothing,1800,4,2025-09-17
ORD10962,Kayla Cole,Germany,Munich,Keyboard,Electronics,1500,5,2024-12-18
ORD10962,Kayla Cole,Germany,Munich,Table,Furniture,6000,1,2024-12-18
ORD10963,Paul Hunter,USA,New York,Tennis Racket,Sports,3500,5,2025-03-09
ORD10963,Paul Hunter,USA,New York,Jeans,Clothing,1800,1,2025-03-09
ORD10964,Kathy Lee,USA,Boston,Keyboard,Electronics,1500,3,2025-06-17
ORD10964,Kathy Lee,USA,Boston,SQL Book,Books,750,5,2025-06-17
ORD10965,Albert Schwartz,Germany,Berlin,T-Shirt,Clothing,800,4,2026-04-08
ORD10966,Amy Bennett,Canada,Toronto,Jeans,Clothing,1800,4,2025-03-04
ORD10966,Amy Bennett,Canada,Toronto,Python Book,Books,900,2,2025-03-04
ORD10966,Amy Bennett,Canada,Toronto,AI Handbook,Books,1200,3,2025-03-04
ORD10967,Tracy Baker,India,Delhi,Keyboard,Electronics,1500,4,2024-06-20
ORD10967,Tracy Baker,India,Delhi,SQL Book,Books,750,1,2024-06-20
ORD10967,Tracy Baker,India,Delhi,Sofa,Furniture,25000,5,2024-06-20
ORD10968,Deborah Estrada,Canada,Vancouver,SQL Book,Books,750,2,2025-06-24
ORD10968,Deborah Estrada,Canada,Vancouver,Python Book,Books,900,5,2025-06-24
ORD10969,Vanessa Davidson,UK,London,Python Book,Books,900,5,2025-10-15
ORD10970,William Elliott,Germany,Hamburg,Football,Sports,900,3,2025-07-04
ORD10970,William Elliott,Germany,Hamburg,Python Book,Books,900,4,2025-07-04
ORD10971,Aaron Turner,USA,Boston,Sofa,Furniture,25000,4,2026-03-29
ORD10971,Aaron Turner,USA,Boston,Monitor,Electronics,12000,3,2026-03-29
ORD10971,Aaron Turner,USA,Boston,AI Handbook,Books,1200,4,2026-03-29
ORD10972,Dr. Betty Frye,Germany,Munich,Football,Sports,900,5,2025-05-20
ORD10972,Dr. Betty Frye,Germany,Munich,Table,Furniture,6000,5,2025-05-20
ORD10972,Dr. Betty Frye,Germany,Munich,Jacket,Clothing,3500,5,2025-05-20
ORD10973,Jessica Tucker,UK,London,T-Shirt,Clothing,800,5,2025-07-19
ORD10973,Jessica Tucker,UK,London,Python Book,Books,900,4,2025-07-19
ORD10973,Jessica Tucker,UK,London,Sofa,Furniture,25000,5,2025-07-19
ORD10974,David Andrade,Germany,Hamburg,Jeans,Clothing,1800,3,2025-06-03
ORD10974,David Andrade,Germany,Hamburg,Tennis Racket,Sports,3500,5,2025-06-03
ORD10975,David Meza,USA,New York,Python Book,Books,900,3,2025-03-26
ORD10975,David Meza,USA,New York,Football,Sports,900,3,2025-03-26
ORD10975,David Meza,USA,New York,Football,Sports,900,1,2025-03-26
ORD10976,Mia Morton,Canada,Toronto,SQL Book,Books,750,5,2026-02-26
ORD10976,Mia Morton,Canada,Toronto,T-Shirt,Clothing,800,1,2026-02-26
ORD10976,Mia Morton,Canada,Toronto,T-Shirt,Clothing,800,3,2026-02-26
ORD10977,Tyler Chang,Canada,Calgary,SQL Book,Books,750,2,2025-02-26
ORD10977,Tyler Chang,Canada,Calgary,Python Book,Books,900,4,2025-02-26
ORD10977,Tyler Chang,Canada,Calgary,Chair,Furniture,2500,5,2025-02-26
ORD10978,Sarah Murphy,USA,Chicago,Sofa,Furniture,25000,1,2026-05-03
ORD10978,Sarah Murphy,USA,Chicago,T-Shirt,Clothing,800,5,2026-05-03
ORD10979,Devin Ramsey,India,Delhi,AI Handbook,Books,1200,2,2025-02-20
ORD10980,Steven Hardin,USA,New York,Keyboard,Electronics,1500,1,2024-08-26
ORD10980,Steven Hardin,USA,New York,Mouse,Electronics,700,3,2024-08-26
ORD10981,Victor Henry,USA,New York,Mouse,Electronics,700,2,2025-12-19
ORD10981,Victor Henry,USA,New York,Football,Sports,900,3,2025-12-19
ORD10982,Nicole Love,Canada,Vancouver,Sofa,Furniture,25000,2,2026-02-11
ORD10983,Kimberly Perry,Germany,Hamburg,Python Book,Books,900,2,2024-07-07
ORD10984,Gina Moore,UK,Leeds,SQL Book,Books,750,4,2025-01-09
ORD10985,Ebony Ewing,Canada,Vancouver,Football,Sports,900,3,2024-10-04
ORD10986,Denise Pacheco,India,Pune,Football,Sports,900,2,2025-11-26
ORD10986,Denise Pacheco,India,Pune,Monitor,Electronics,12000,3,2025-11-26
ORD10986,Denise Pacheco,India,Pune,SQL Book,Books,750,2,2025-11-26
ORD10987,Laura Murphy,India,Mumbai,Mouse,Electronics,700,3,2025-11-24
ORD10988,Mrs. Ashley Williams DDS,Germany,Berlin,Football,Sports,900,1,2026-01-08
ORD10988,Mrs. Ashley Williams DDS,Germany,Berlin,AI Handbook,Books,1200,3,2026-01-08
ORD10989,Mark Evans,UK,Leeds,Jacket,Clothing,3500,4,2024-08-06
ORD10990,Amber Randolph,India,Surat,Monitor,Electronics,12000,1,2026-01-20
ORD10991,Brian Hill,Canada,Montreal,Jeans,Clothing,1800,1,2025-07-01
ORD10991,Brian Hill,Canada,Montreal,T-Shirt,Clothing,800,1,2025-07-01
ORD10991,Brian Hill,Canada,Montreal,AI Handbook,Books,1200,5,2025-07-01
ORD10992,Robert Owen,UK,London,T-Shirt,Clothing,800,5,2025-07-19
ORD10992,Robert Owen,UK,London,SQL Book,Books,750,1,2025-07-19
ORD10992,Robert Owen,UK,London,Football,Sports,900,4,2025-07-19
ORD10993,David Walker,Canada,Calgary,Football,Sports,900,4,2024-10-07
ORD10994,Mary Walker,UK,London,Keyboard,Electronics,1500,1,2025-07-06
ORD10994,Mary Walker,UK,London,Monitor,Electronics,12000,3,2025-07-06
ORD10995,Zachary Harris,Canada,Toronto,Tennis Racket,Sports,3500,5,2025-12-18
ORD10995,Zachary Harris,Canada,Toronto,Keyboard,Electronics,1500,5,2025-12-18
ORD10995,Zachary Harris,Canada,Toronto,Jacket,Clothing,3500,3,2025-12-18
ORD10996,Nichole Thompson,Canada,Vancouver,Mouse,Electronics,700,2,2024-08-20
ORD10996,Nichole Thompson,Canada,Vancouver,Tennis Racket,Sports,3500,2,2024-08-20
ORD10997,Gregory Saunders,Canada,Vancouver,Tennis Racket,Sports,3500,4,2024-12-08
ORD10997,Gregory Saunders,Canada,Vancouver,Monitor,Electronics,12000,4,2024-12-08
ORD10997,Gregory Saunders,Canada,Vancouver,Mouse,Electronics,700,1,2024-12-08
ORD10998,Lynn Bell,Canada,Montreal,Football,Sports,900,1,2024-06-18
ORD10998,Lynn Bell,Canada,Montreal,T-Shirt,Clothing,800,4,2024-06-18
ORD10999,Andrew Owen,Germany,Berlin,Laptop,Electronics,50000,3,2024-07-20
ORD10999,Andrew Owen,Germany,Berlin,Jeans,Clothing,1800,1,2024-07-20
ORD11000,Michael Hatfield,Germany,Munich,Football,Sports,900,3,2025-09-19
ORD11001,Jessica Martin,UK,Birmingham,T-Shirt,Clothing,800,2,2026-01-06
ORD11001,Jessica Martin,UK,Birmingham,Table,Furniture,6000,4,2026-01-06
ORD11001,Jessica Martin,UK,Birmingham,Keyboard,Electronics,1500,1,2026-01-06
ORD11002,Bill Pratt,USA,Seattle,Football,Sports,900,1,2025-10-07
ORD11003,Ashley Martin,Canada,Calgary,AI Handbook,Books,1200,5,2026-02-23
ORD11003,Ashley Martin,Canada,Calgary,Tennis Racket,Sports,3500,5,2026-02-23
ORD11003,Ashley Martin,Canada,Calgary,T-Shirt,Clothing,800,3,2026-02-23
ORD11004,Elizabeth Price,Canada,Vancouver,Python Book,Books,900,4,2025-02-09
ORD11004,Elizabeth Price,Canada,Vancouver,T-Shirt,Clothing,800,1,2025-02-09
ORD11004,Elizabeth Price,Canada,Vancouver,SQL Book,Books,750,2,2025-02-09
ORD11005,Tiffany Taylor,UK,Birmingham,Jeans,Clothing,1800,1,2026-01-17
ORD11005,Tiffany Taylor,UK,Birmingham,Laptop,Electronics,50000,5,2026-01-17
ORD11006,Jesse Jackson,USA,Seattle,Keyboard,Electronics,1500,4,2026-03-25
ORD11006,Jesse Jackson,USA,Seattle,Monitor,Electronics,12000,3,2026-03-25
ORD11006,Jesse Jackson,USA,Seattle,AI Handbook,Books,1200,4,2026-03-25
ORD11007,Diana Martin,USA,Seattle,T-Shirt,Clothing,800,3,2024-12-01
ORD11008,Paul Hughes,Canada,Calgary,Python Book,Books,900,4,2024-07-09
ORD11008,Paul Hughes,Canada,Calgary,Sofa,Furniture,25000,3,2024-07-09
ORD11009,Geoffrey Bailey,UK,Leeds,Python Book,Books,900,1,2025-01-03
ORD11010,Krystal Martinez,UK,Leeds,Sofa,Furniture,25000,1,2025-07-07
ORD11010,Krystal Martinez,UK,Leeds,Jeans,Clothing,1800,5,2025-07-07
ORD11010,Krystal Martinez,UK,Leeds,Jacket,Clothing,3500,2,2025-07-07
ORD11011,Sheena Bautista,UK,Manchester,Monitor,Electronics,12000,4,2025-03-17
ORD11012,Mark Jones,UK,Leeds,AI Handbook,Books,1200,1,2024-12-07
ORD11013,Patrick Middleton,USA,Boston,AI Handbook,Books,1200,1,2024-07-08
ORD11013,Patrick Middleton,USA,Boston,T-Shirt,Clothing,800,2,2024-07-08
ORD11013,Patrick Middleton,USA,Boston,SQL Book,Books,750,4,2024-07-08
ORD11014,Kathryn Scott,UK,London,Sofa,Furniture,25000,3,2025-01-23
ORD11015,Amber Richards,India,Ahmedabad,Table,Furniture,6000,4,2025-09-21
ORD11015,Amber Richards,India,Ahmedabad,Tennis Racket,Sports,3500,1,2025-09-21
ORD11016,Bryan Medina,Canada,Montreal,Table,Furniture,6000,3,2025-02-01
ORD11016,Bryan Medina,Canada,Montreal,Mouse,Electronics,700,2,2025-02-01
ORD11016,Bryan Medina,Canada,Montreal,Jeans,Clothing,1800,1,2025-02-01
ORD11017,Regina Woods,USA,Austin,Jacket,Clothing,3500,2,2025-04-26
ORD11018,Hannah Brown,Canada,Calgary,Cricket Bat,Sports,2200,1,2025-03-09
ORD11018,Hannah Brown,Canada,Calgary,AI Handbook,Books,1200,4,2025-03-09
ORD11019,Brittany Marshall,India,Mumbai,Keyboard,Electronics,1500,2,2024-11-27
ORD11019,Brittany Marshall,India,Mumbai,Python Book,Books,900,1,2024-11-27
ORD11020,Jennifer Anderson,USA,Boston,Laptop,Electronics,50000,1,2025-03-07
ORD11020,Jennifer Anderson,USA,Boston,Python Book,Books,900,1,2025-03-07
ORD11020,Jennifer Anderson,USA,Boston,Cricket Bat,Sports,2200,1,2025-03-07
ORD11021,Joseph Strong,USA,Boston,Mouse,Electronics,700,3,2026-05-27
ORD11021,Joseph Strong,USA,Boston,Python Book,Books,900,2,2026-05-27
ORD11021,Joseph Strong,USA,Boston,Cricket Bat,Sports,2200,1,2026-05-27
ORD11022,Jesus Smith,Germany,Frankfurt,Keyboard,Electronics,1500,5,2025-11-30
ORD11022,Jesus Smith,Germany,Frankfurt,AI Handbook,Books,1200,5,2025-11-30
ORD11023,Carmen Simon,USA,Chicago,Jeans,Clothing,1800,5,2024-11-20
ORD11024,Jason Castillo,Germany,Berlin,Sofa,Furniture,25000,3,2025-05-17
ORD11024,Jason Castillo,Germany,Berlin,Football,Sports,900,1,2025-05-17
ORD11024,Jason Castillo,Germany,Berlin,Football,Sports,900,1,2025-05-17
ORD11025,Samantha Boyd,USA,Austin,SQL Book,Books,750,5,2025-04-05
ORD11025,Samantha Boyd,USA,Austin,Cricket Bat,Sports,2200,3,2025-04-05
ORD11025,Samantha Boyd,USA,Austin,Mouse,Electronics,700,2,2025-04-05
ORD11026,Wayne Henderson,UK,Leeds,Jeans,Clothing,1800,3,2025-01-07
ORD11026,Wayne Henderson,UK,Leeds,Monitor,Electronics,12000,2,2025-01-07
ORD11027,Randy Wilson,UK,Leeds,T-Shirt,Clothing,800,3,2025-12-20
ORD11028,Austin Thompson,India,Surat,Jeans,Clothing,1800,1,2026-02-18
ORD11028,Austin Thompson,India,Surat,Keyboard,Electronics,1500,4,2026-02-18
ORD11028,Austin Thompson,India,Surat,Jeans,Clothing,1800,3,2026-02-18
ORD11029,Kari Gonzalez,India,Pune,Jacket,Clothing,3500,1,2025-05-29
ORD11029,Kari Gonzalez,India,Pune,Monitor,Electronics,12000,3,2025-05-29
ORD11029,Kari Gonzalez,India,Pune,T-Shirt,Clothing,800,5,2025-05-29
ORD11030,Tracy Miller,Germany,Frankfurt,Table,Furniture,6000,4,2024-07-22
ORD11031,Micheal Harrington,Canada,Toronto,Tennis Racket,Sports,3500,5,2025-05-27
ORD11032,Manuel Spencer,India,Delhi,SQL Book,Books,750,3,2026-04-18
ORD11033,Gwendolyn Estrada,USA,Austin,Jacket,Clothing,3500,3,2026-04-22
ORD11033,Gwendolyn Estrada,USA,Austin,Football,Sports,900,2,2026-04-22
ORD11033,Gwendolyn Estrada,USA,Austin,Cricket Bat,Sports,2200,1,2026-04-22
ORD11034,Maria Stewart,USA,New York,T-Shirt,Clothing,800,2,2024-08-25
ORD11034,Maria Stewart,USA,New York,Cricket Bat,Sports,2200,4,2024-08-25
ORD11034,Maria Stewart,USA,New York,Table,Furniture,6000,4,2024-08-25
ORD11035,Christine Vargas,India,Pune,Table,Furniture,6000,5,2025-06-07
ORD11036,Lauren Jackson,Canada,Vancouver,SQL Book,Books,750,2,2026-05-24
ORD11036,Lauren Jackson,Canada,Vancouver,Tennis Racket,Sports,3500,1,2026-05-24
ORD11037,Dennis Buchanan,Canada,Toronto,Chair,Furniture,2500,2,2025-05-14
ORD11038,Dennis Jenkins,India,Delhi,Sofa,Furniture,25000,2,2026-02-02
ORD11038,Dennis Jenkins,India,Delhi,Jeans,Clothing,1800,2,2026-02-02
ORD11039,Kimberly Scott,Germany,Hamburg,Laptop,Electronics,50000,1,2025-10-31
ORD11039,Kimberly Scott,Germany,Hamburg,Table,Furniture,6000,4,2025-10-31
ORD11039,Kimberly Scott,Germany,Hamburg,Table,Furniture,6000,5,2025-10-31
ORD11040,William Smith,Germany,Berlin,Table,Furniture,6000,1,2025-10-20
ORD11040,William Smith,Germany,Berlin,Laptop,Electronics,50000,2,2025-10-20
ORD11040,William Smith,Germany,Berlin,Python Book,Books,900,2,2025-10-20
ORD11041,Charles Dunn,UK,Manchester,Jeans,Clothing,1800,4,2024-10-04
ORD11041,Charles Dunn,UK,Manchester,Python Book,Books,900,5,2024-10-04
ORD11041,Charles Dunn,UK,Manchester,Chair,Furniture,2500,3,2024-10-04
ORD11042,Amanda Wilson,Germany,Frankfurt,SQL Book,Books,750,2,2025-09-03
ORD11042,Amanda Wilson,Germany,Frankfurt,Sofa,Furniture,25000,2,2025-09-03
ORD11042,Amanda Wilson,Germany,Frankfurt,Tennis Racket,Sports,3500,1,2025-09-03
ORD11043,Spencer Morrison,India,Delhi,Tennis Racket,Sports,3500,4,2026-02-13
ORD11043,Spencer Morrison,India,Delhi,Sofa,Furniture,25000,4,2026-02-13
ORD11043,Spencer Morrison,India,Delhi,AI Handbook,Books,1200,3,2026-02-13
ORD11044,Keith Smith,Germany,Hamburg,Football,Sports,900,1,2024-11-20
ORD11045,Michelle Terrell,Canada,Toronto,Python Book,Books,900,3,2025-12-15
ORD11045,Michelle Terrell,Canada,Toronto,Sofa,Furniture,25000,3,2025-12-15
ORD11046,Omar Johnson,Germany,Hamburg,Table,Furniture,6000,3,2024-06-25
ORD11047,Michael Castaneda,India,Mumbai,Keyboard,Electronics,1500,1,2025-12-14
ORD11047,Michael Castaneda,India,Mumbai,Python Book,Books,900,5,2025-12-14
ORD11047,Michael Castaneda,India,Mumbai,Cricket Bat,Sports,2200,1,2025-12-14
ORD11048,Ashley Jordan,Germany,Frankfurt,T-Shirt,Clothing,800,4,2025-07-09
ORD11048,Ashley Jordan,Germany,Frankfurt,AI Handbook,Books,1200,3,2025-07-09
ORD11048,Ashley Jordan,Germany,Frankfurt,Cricket Bat,Sports,2200,1,2025-07-09
ORD11049,Kelly Bond,USA,Chicago,Tennis Racket,Sports,3500,1,2026-03-07
ORD11050,Jaclyn Vargas,Canada,Montreal,Sofa,Furniture,25000,4,2024-07-17
ORD11050,Jaclyn Vargas,Canada,Montreal,Cricket Bat,Sports,2200,3,2024-07-17
ORD11051,Brenda Jordan,India,Pune,Cricket Bat,Sports,2200,4,2025-02-18
ORD11052,Carrie Schneider,USA,Seattle,Cricket Bat,Sports,2200,2,2025-03-06
ORD11053,Theresa Koch MD,USA,Boston,Jacket,Clothing,3500,5,2024-11-23
ORD11053,Theresa Koch MD,USA,Boston,Keyboard,Electronics,1500,5,2024-11-23
ORD11054,Kyle Brooks,India,Delhi,Sofa,Furniture,25000,2,2025-05-28
ORD11055,James Hickman,USA,Boston,Football,Sports,900,4,2025-05-25
ORD11055,James Hickman,USA,Boston,Tennis Racket,Sports,3500,5,2025-05-25
ORD11056,Jodi Parker,India,Pune,Sofa,Furniture,25000,3,2025-12-25
ORD11056,Jodi Parker,India,Pune,Table,Furniture,6000,5,2025-12-25
ORD11056,Jodi Parker,India,Pune,Tennis Racket,Sports,3500,4,2025-12-25
ORD11057,Christopher Parsons,Canada,Toronto,Python Book,Books,900,4,2026-02-23
ORD11058,Kristin Ortega DVM,UK,Birmingham,SQL Book,Books,750,2,2026-01-30
ORD11058,Kristin Ortega DVM,UK,Birmingham,Table,Furniture,6000,3,2026-01-30
ORD11059,Anthony Bean,India,Pune,Chair,Furniture,2500,3,2025-04-24
ORD11059,Anthony Bean,India,Pune,Laptop,Electronics,50000,1,2025-04-24
ORD11060,Zachary Harris,UK,London,Football,Sports,900,1,2025-10-30
ORD11060,Zachary Harris,UK,London,Mouse,Electronics,700,1,2025-10-30
ORD11061,Lisa Carey,India,Mumbai,Python Book,Books,900,2,2024-07-01
ORD11062,Susan Anderson,Germany,Hamburg,Python Book,Books,900,3,2025-06-19
ORD11062,Susan Anderson,Germany,Hamburg,Football,Sports,900,4,2025-06-19
ORD11062,Susan Anderson,Germany,Hamburg,Mouse,Electronics,700,1,2025-06-19
ORD11063,Jesse Stevens,USA,Chicago,Cricket Bat,Sports,2200,3,2024-11-24
ORD11063,Jesse Stevens,USA,Chicago,Monitor,Electronics,12000,5,2024-11-24
ORD11063,Jesse Stevens,USA,Chicago,Python Book,Books,900,5,2024-11-24
ORD11064,Zachary Walker,Canada,Montreal,Jeans,Clothing,1800,4,2025-12-16
ORD11065,Luis Haas,Canada,Calgary,SQL Book,Books,750,4,2025-01-23
ORD11065,Luis Haas,Canada,Calgary,Cricket Bat,Sports,2200,5,2025-01-23
ORD11066,Katie Cummings,Canada,Montreal,SQL Book,Books,750,1,2026-04-21
ORD11066,Katie Cummings,Canada,Montreal,Cricket Bat,Sports,2200,4,2026-04-21
ORD11067,Stacy Hall,UK,Birmingham,Sofa,Furniture,25000,4,2025-11-04
ORD11067,Stacy Hall,UK,Birmingham,Monitor,Electronics,12000,1,2025-11-04
ORD11067,Stacy Hall,UK,Birmingham,T-Shirt,Clothing,800,4,2025-11-04
ORD11068,Valerie West,UK,Leeds,Laptop,Electronics,50000,2,2026-05-08
ORD11068,Valerie West,UK,Leeds,Sofa,Furniture,25000,1,2026-05-08
ORD11068,Valerie West,UK,Leeds,Monitor,Electronics,12000,5,2026-05-08
ORD11069,Dr. Mark White MD,USA,Seattle,T-Shirt,Clothing,800,2,2026-05-13
ORD11069,Dr. Mark White MD,USA,Seattle,Python Book,Books,900,3,2026-05-13
ORD11069,Dr. Mark White MD,USA,Seattle,Mouse,Electronics,700,3,2026-05-13
ORD11070,Kayla Vasquez,USA,Seattle,T-Shirt,Clothing,800,4,2024-08-01
ORD11071,Susan Brown,India,Mumbai,Jacket,Clothing,3500,4,2024-11-12
ORD11071,Susan Brown,India,Mumbai,Chair,Furniture,2500,4,2024-11-12
ORD11071,Susan Brown,India,Mumbai,Chair,Furniture,2500,3,2024-11-12
ORD11072,Dr. Teresa Moore PhD,UK,London,Chair,Furniture,2500,2,2025-05-17
ORD11072,Dr. Teresa Moore PhD,UK,London,Football,Sports,900,4,2025-05-17
ORD11073,Patricia Martinez,Germany,Frankfurt,Jacket,Clothing,3500,1,2026-01-10
ORD11073,Patricia Martinez,Germany,Frankfurt,Laptop,Electronics,50000,5,2026-01-10
ORD11074,Michael Howe,Canada,Vancouver,Jeans,Clothing,1800,3,2025-06-16
ORD11075,Joshua Ochoa,India,Delhi,AI Handbook,Books,1200,3,2024-09-20
ORD11075,Joshua Ochoa,India,Delhi,Jacket,Clothing,3500,3,2024-09-20
ORD11075,Joshua Ochoa,India,Delhi,Jacket,Clothing,3500,2,2024-09-20
ORD11076,Stephanie Edwards,UK,London,Keyboard,Electronics,1500,2,2024-09-22
ORD11076,Stephanie Edwards,UK,London,Cricket Bat,Sports,2200,2,2024-09-22
ORD11077,William Liu,India,Delhi,T-Shirt,Clothing,800,4,2024-11-27
ORD11077,William Liu,India,Delhi,Sofa,Furniture,25000,5,2024-11-27
ORD11078,Brenda Mccarthy,UK,London,Football,Sports,900,3,2025-07-12
ORD11079,Isaiah Mcpherson,USA,Seattle,Jeans,Clothing,1800,3,2024-08-23
ORD11079,Isaiah Mcpherson,USA,Seattle,SQL Book,Books,750,2,2024-08-23
ORD11079,Isaiah Mcpherson,USA,Seattle,Chair,Furniture,2500,5,2024-08-23
ORD11080,David Nicholson,Germany,Berlin,Mouse,Electronics,700,2,2024-07-31
ORD11081,Ashley Young,Germany,Munich,AI Handbook,Books,1200,5,2025-10-30
ORD11081,Ashley Young,Germany,Munich,Laptop,Electronics,50000,2,2025-10-30
ORD11082,Jesse Lara,India,Delhi,Chair,Furniture,2500,4,2025-10-20
ORD11082,Jesse Lara,India,Delhi,Sofa,Furniture,25000,1,2025-10-20
ORD11082,Jesse Lara,India,Delhi,Sofa,Furniture,25000,5,2025-10-20
ORD11083,Dorothy Ponce,Canada,Toronto,Python Book,Books,900,5,2025-07-04
ORD11083,Dorothy Ponce,Canada,Toronto,Laptop,Electronics,50000,5,2025-07-04
ORD11084,Kristi Johnson,Canada,Vancouver,Table,Furniture,6000,1,2026-01-22
ORD11084,Kristi Johnson,Canada,Vancouver,Mouse,Electronics,700,5,2026-01-22
ORD11084,Kristi Johnson,Canada,Vancouver,Keyboard,Electronics,1500,5,2026-01-22
ORD11085,Taylor Schwartz,Canada,Toronto,T-Shirt,Clothing,800,5,2024-10-07
ORD11085,Taylor Schwartz,Canada,Toronto,Chair,Furniture,2500,2,2024-10-07
ORD11085,Taylor Schwartz,Canada,Toronto,T-Shirt,Clothing,800,4,2024-10-07
ORD11086,Keith Ramirez,India,Surat,SQL Book,Books,750,4,2026-01-29
ORD11086,Keith Ramirez,India,Surat,Monitor,Electronics,12000,4,2026-01-29
ORD11086,Keith Ramirez,India,Surat,Jacket,Clothing,3500,3,2026-01-29
ORD11087,Carrie Dean,Germany,Munich,Jacket,Clothing,3500,4,2025-06-07
ORD11087,Carrie Dean,Germany,Munich,Jacket,Clothing,3500,5,2025-06-07
ORD11088,Daniel Cardenas,India,Mumbai,Monitor,Electronics,12000,2,2024-08-23
ORD11088,Daniel Cardenas,India,Mumbai,Football,Sports,900,2,2024-08-23
ORD11088,Daniel Cardenas,India,Mumbai,Chair,Furniture,2500,4,2024-08-23
ORD11089,James Padilla,Canada,Vancouver,Python Book,Books,900,3,2025-09-04
ORD11090,Edward Wagner,UK,Leeds,Tennis Racket,Sports,3500,3,2025-10-14
ORD11091,Phillip Oconnor,India,Mumbai,Football,Sports,900,1,2024-09-02
ORD11091,Phillip Oconnor,India,Mumbai,AI Handbook,Books,1200,2,2024-09-02
ORD11092,Kelly Jones,Germany,Hamburg,Sofa,Furniture,25000,1,2025-11-20
ORD11093,Kristen Hoffman,Germany,Hamburg,Sofa,Furniture,25000,4,2025-09-30
ORD11094,Brent Clark,Germany,Hamburg,Chair,Furniture,2500,1,2024-09-02
ORD11094,Brent Clark,Germany,Hamburg,Cricket Bat,Sports,2200,5,2024-09-02
ORD11094,Brent Clark,Germany,Hamburg,Cricket Bat,Sports,2200,3,2024-09-02
ORD11095,Matthew Turner,UK,London,Cricket Bat,Sports,2200,1,2026-04-20
ORD11095,Matthew Turner,UK,London,Table,Furniture,6000,3,2026-04-20
ORD11095,Matthew Turner,UK,London,SQL Book,Books,750,2,2026-04-20
ORD11096,Melanie Pearson,UK,London,Chair,Furniture,2500,2,2025-03-02
ORD11096,Melanie Pearson,UK,London,Keyboard,Electronics,1500,5,2025-03-02
ORD11097,Heather Kirk,Germany,Frankfurt,AI Handbook,Books,1200,1,2025-08-01
ORD11098,Jeffrey Waters,India,Ahmedabad,Mouse,Electronics,700,5,2026-03-11
ORD11099,Mark Beck,Germany,Berlin,Chair,Furniture,2500,2,2025-05-05
ORD11099,Mark Beck,Germany,Berlin,SQL Book,Books,750,2,2025-05-05
ORD11100,Christine Ferguson,Germany,Hamburg,Tennis Racket,Sports,3500,3,2024-08-27
ORD11100,Christine Ferguson,Germany,Hamburg,Laptop,Electronics,50000,2,2024-08-27
ORD11101,Kyle Graham,India,Pune,Laptop,Electronics,50000,4,2025-09-14
ORD11101,Kyle Graham,India,Pune,T-Shirt,Clothing,800,2,2025-09-14
ORD11101,Kyle Graham,India,Pune,Mouse,Electronics,700,4,2025-09-14
ORD11102,Holly Kelly,Canada,Toronto,Chair,Furniture,2500,1,2025-11-13
ORD11102,Holly Kelly,Canada,Toronto,SQL Book,Books,750,4,2025-11-13
ORD11102,Holly Kelly,Canada,Toronto,Laptop,Electronics,50000,5,2025-11-13
ORD11103,Jennifer Williams,Canada,Vancouver,Tennis Racket,Sports,3500,1,2026-02-21
ORD11103,Jennifer Williams,Canada,Vancouver,Python Book,Books,900,2,2026-02-21
ORD11103,Jennifer Williams,Canada,Vancouver,Monitor,Electronics,12000,5,2026-02-21
ORD11104,Scott Newman,Germany,Berlin,Mouse,Electronics,700,1,2025-11-14
ORD11105,Tyler Fields,Germany,Frankfurt,Jacket,Clothing,3500,4,2026-03-25
ORD11106,Nicholas Reynolds,India,Mumbai,Jeans,Clothing,1800,1,2024-11-17
ORD11107,Mrs. Frances Mata,USA,Seattle,Jeans,Clothing,1800,4,2025-10-26
ORD11108,Joseph Valentine,India,Pune,Keyboard,Electronics,1500,3,2024-10-15
ORD11108,Joseph Valentine,India,Pune,Mouse,Electronics,700,3,2024-10-15
ORD11108,Joseph Valentine,India,Pune,Football,Sports,900,3,2024-10-15
ORD11109,William Clark,Germany,Frankfurt,SQL Book,Books,750,3,2024-10-04
ORD11110,George Bates,USA,Chicago,Table,Furniture,6000,4,2026-03-26
ORD11110,George Bates,USA,Chicago,Jeans,Clothing,1800,3,2026-03-26
ORD11111,Steven Fuller,Germany,Hamburg,Football,Sports,900,1,2025-03-24
ORD11111,Steven Fuller,Germany,Hamburg,SQL Book,Books,750,1,2025-03-24
ORD11112,Calvin Costa,Germany,Berlin,Cricket Bat,Sports,2200,1,2024-09-22
ORD11113,Martin Ross,UK,London,Football,Sports,900,1,2024-12-23
ORD11113,Martin Ross,UK,London,Football,Sports,900,3,2024-12-23
ORD11113,Martin Ross,UK,London,Jeans,Clothing,1800,4,2024-12-23
ORD11114,Denise Thompson,Germany,Berlin,Tennis Racket,Sports,3500,4,2025-09-07
ORD11114,Denise Thompson,Germany,Berlin,Mouse,Electronics,700,1,2025-09-07
ORD11115,Andrew Martin,India,Pune,Chair,Furniture,2500,5,2024-10-02
ORD11116,Jonathan Carroll,UK,London,Table,Furniture,6000,4,2026-01-13
ORD11117,Edward Blake DDS,India,Pune,Monitor,Electronics,12000,1,2025-11-21
ORD11118,Angela Brown,Canada,Toronto,SQL Book,Books,750,5,2024-09-19
ORD11118,Angela Brown,Canada,Toronto,Jeans,Clothing,1800,2,2024-09-19
ORD11118,Angela Brown,Canada,Toronto,Football,Sports,900,4,2024-09-19
ORD11119,John Roth,Canada,Calgary,AI Handbook,Books,1200,1,2025-02-26
ORD11119,John Roth,Canada,Calgary,AI Handbook,Books,1200,3,2025-02-26
ORD11119,John Roth,Canada,Calgary,Laptop,Electronics,50000,4,2025-02-26
ORD11120,David Silva,Canada,Toronto,Tennis Racket,Sports,3500,2,2026-05-10
ORD11120,David Silva,Canada,Toronto,Monitor,Electronics,12000,2,2026-05-10
ORD11121,Tammy Wilson DDS,Germany,Hamburg,SQL Book,Books,750,1,2024-07-08
ORD11121,Tammy Wilson DDS,Germany,Hamburg,Chair,Furniture,2500,5,2024-07-08
ORD11121,Tammy Wilson DDS,Germany,Hamburg,Python Book,Books,900,5,2024-07-08
ORD11122,Jeffrey Cole,India,Surat,Monitor,Electronics,12000,4,2025-05-30
ORD11122,Jeffrey Cole,India,Surat,Python Book,Books,900,4,2025-05-30
ORD11123,David Williams,UK,London,Python Book,Books,900,3,2025-05-01
ORD11123,David Williams,UK,London,Cricket Bat,Sports,2200,4,2025-05-01
ORD11123,David Williams,UK,London,Monitor,Electronics,12000,3,2025-05-01
ORD11124,Gregory West,India,Delhi,Laptop,Electronics,50000,3,2025-04-09
ORD11124,Gregory West,India,Delhi,Sofa,Furniture,25000,2,2025-04-09
ORD11125,Brianna Walker,Germany,Hamburg,SQL Book,Books,750,5,2025-08-19
ORD11125,Brianna Walker,Germany,Hamburg,Mouse,Electronics,700,4,2025-08-19
ORD11126,James Gibbs,Germany,Frankfurt,Jacket,Clothing,3500,3,2026-01-27
ORD11126,James Gibbs,Germany,Frankfurt,Tennis Racket,Sports,3500,2,2026-01-27
ORD11126,James Gibbs,Germany,Frankfurt,T-Shirt,Clothing,800,5,2026-01-27
ORD11127,Nicholas Wilson,UK,Birmingham,Sofa,Furniture,25000,4,2026-03-26
ORD11127,Nicholas Wilson,UK,Birmingham,AI Handbook,Books,1200,3,2026-03-26
ORD11128,Annette Myers,Canada,Calgary,Cricket Bat,Sports,2200,1,2024-11-03
ORD11129,Christopher Hamilton,India,Pune,Jeans,Clothing,1800,4,2026-03-07
ORD11129,Christopher Hamilton,India,Pune,Chair,Furniture,2500,1,2026-03-07
ORD11130,Thomas Boyd,Germany,Frankfurt,T-Shirt,Clothing,800,3,2025-04-25
ORD11130,Thomas Boyd,Germany,Frankfurt,Cricket Bat,Sports,2200,1,2025-04-25
ORD11130,Thomas Boyd,Germany,Frankfurt,Tennis Racket,Sports,3500,4,2025-04-25
ORD11131,Kathryn Morris,USA,Chicago,Tennis Racket,Sports,3500,5,2026-01-28
ORD11132,Carlos Mccullough,Canada,Montreal,Sofa,Furniture,25000,4,2025-03-29
ORD11132,Carlos Mccullough,Canada,Montreal,Keyboard,Electronics,1500,2,2025-03-29
ORD11133,Alexis Miles,UK,Birmingham,Sofa,Furniture,25000,3,2024-06-21
ORD11133,Alexis Miles,UK,Birmingham,Table,Furniture,6000,3,2024-06-21
ORD11133,Alexis Miles,UK,Birmingham,Tennis Racket,Sports,3500,2,2024-06-21
ORD11134,Leslie Roberts,Canada,Calgary,Laptop,Electronics,50000,4,2026-02-27
ORD11135,Danielle Parker,Germany,Hamburg,Keyboard,Electronics,1500,3,2024-10-26
ORD11135,Danielle Parker,Germany,Hamburg,AI Handbook,Books,1200,5,2024-10-26
ORD11136,Sherry Page,UK,Birmingham,Tennis Racket,Sports,3500,2,2024-10-19
ORD11136,Sherry Page,UK,Birmingham,Python Book,Books,900,2,2024-10-19
ORD11136,Sherry Page,UK,Birmingham,Python Book,Books,900,3,2024-10-19
ORD11137,Donald Hartman,India,Surat,Jeans,Clothing,1800,1,2025-04-22
ORD11137,Donald Hartman,India,Surat,Laptop,Electronics,50000,4,2025-04-22
ORD11137,Donald Hartman,India,Surat,Jeans,Clothing,1800,3,2025-04-22
ORD11138,Gabriella Jenkins,Germany,Frankfurt,AI Handbook,Books,1200,2,2025-08-31
ORD11139,Brandon Powell,UK,London,Sofa,Furniture,25000,3,2025-10-19
ORD11139,Brandon Powell,UK,London,Chair,Furniture,2500,3,2025-10-19
ORD11139,Brandon Powell,UK,London,Python Book,Books,900,1,2025-10-19
ORD11140,Trevor Pugh,USA,Seattle,Sofa,Furniture,25000,4,2025-11-03
ORD11140,Trevor Pugh,USA,Seattle,Table,Furniture,6000,1,2025-11-03
ORD11141,Melanie Skinner,USA,New York,Python Book,Books,900,2,2025-05-31
ORD11141,Melanie Skinner,USA,New York,AI Handbook,Books,1200,5,2025-05-31
ORD11142,Ashley Ray,UK,Birmingham,Keyboard,Electronics,1500,1,2025-07-05
ORD11142,Ashley Ray,UK,Birmingham,Sofa,Furniture,25000,5,2025-07-05
ORD11143,Leslie Morris,Germany,Berlin,Football,Sports,900,4,2025-03-13
ORD11143,Leslie Morris,Germany,Berlin,Cricket Bat,Sports,2200,3,2025-03-13
ORD11144,Jessica Atkins,UK,London,Mouse,Electronics,700,4,2024-11-09
ORD11145,David Hampton,Canada,Montreal,Mouse,Electronics,700,5,2025-10-18
ORD11146,Andrea Moran,Canada,Vancouver,T-Shirt,Clothing,800,1,2025-05-23
ORD11146,Andrea Moran,Canada,Vancouver,Laptop,Electronics,50000,1,2025-05-23
ORD11147,Mindy Franco,UK,London,Mouse,Electronics,700,5,2025-07-05
ORD11147,Mindy Franco,UK,London,Tennis Racket,Sports,3500,3,2025-07-05
ORD11148,Lori Stevens,Canada,Montreal,Sofa,Furniture,25000,4,2024-09-01
ORD11148,Lori Stevens,Canada,Montreal,Table,Furniture,6000,1,2024-09-01
ORD11148,Lori Stevens,Canada,Montreal,Laptop,Electronics,50000,5,2024-09-01
ORD11149,Robert Koch,USA,Austin,Keyboard,Electronics,1500,3,2025-05-23
ORD11149,Robert Koch,USA,Austin,Mouse,Electronics,700,5,2025-05-23
ORD11149,Robert Koch,USA,Austin,Table,Furniture,6000,1,2025-05-23
ORD11150,Steven Rodriguez,Canada,Montreal,Tennis Racket,Sports,3500,1,2024-07-16
ORD11150,Steven Rodriguez,Canada,Montreal,Monitor,Electronics,12000,2,2024-07-16
ORD11150,Steven Rodriguez,Canada,Montreal,Python Book,Books,900,3,2024-07-16
ORD11151,Nicholas Williams,USA,Austin,Tennis Racket,Sports,3500,3,2025-01-21
ORD11151,Nicholas Williams,USA,Austin,Cricket Bat,Sports,2200,4,2025-01-21
ORD11151,Nicholas Williams,USA,Austin,T-Shirt,Clothing,800,3,2025-01-21
ORD11152,James Branch,USA,Seattle,Laptop,Electronics,50000,2,2024-07-09
ORD11153,Aaron Cook,Canada,Toronto,SQL Book,Books,750,4,2025-04-09
ORD11154,Joseph May,USA,Austin,Python Book,Books,900,3,2025-04-11
ORD11154,Joseph May,USA,Austin,Table,Furniture,6000,5,2025-04-11
ORD11154,Joseph May,USA,Austin,Monitor,Electronics,12000,4,2025-04-11
ORD11155,Chelsea Bell,USA,Austin,AI Handbook,Books,1200,1,2024-10-07
ORD11155,Chelsea Bell,USA,Austin,Monitor,Electronics,12000,4,2024-10-07
ORD11155,Chelsea Bell,USA,Austin,Keyboard,Electronics,1500,4,2024-10-07
ORD11156,John Mccormick,Germany,Berlin,SQL Book,Books,750,3,2024-06-23
ORD11156,John Mccormick,Germany,Berlin,Python Book,Books,900,2,2024-06-23
ORD11157,Brian Hernandez,UK,Leeds,Keyboard,Electronics,1500,5,2024-06-23
ORD11157,Brian Hernandez,UK,Leeds,Sofa,Furniture,25000,4,2024-06-23
ORD11157,Brian Hernandez,UK,Leeds,Sofa,Furniture,25000,2,2024-06-23
ORD11158,Mr. Joseph Hall Jr.,India,Pune,Football,Sports,900,1,2026-04-15
ORD11159,Christopher Williamson,UK,Leeds,Laptop,Electronics,50000,5,2025-11-07
ORD11159,Christopher Williamson,UK,Leeds,AI Handbook,Books,1200,4,2025-11-07
ORD11160,Eric Green,India,Surat,Chair,Furniture,2500,2,2024-07-29
ORD11160,Eric Green,India,Surat,Table,Furniture,6000,1,2024-07-29
ORD11160,Eric Green,India,Surat,Mouse,Electronics,700,4,2024-07-29
ORD11161,Bobby Freeman,Canada,Calgary,AI Handbook,Books,1200,2,2025-08-08
ORD11161,Bobby Freeman,Canada,Calgary,Python Book,Books,900,3,2025-08-08
ORD11162,Brian Boyer,Canada,Montreal,Jacket,Clothing,3500,4,2026-04-10
ORD11163,Travis Jenkins,USA,Austin,Table,Furniture,6000,4,2025-10-31
ORD11164,Benjamin Paul,USA,Austin,T-Shirt,Clothing,800,2,2026-06-03
ORD11164,Benjamin Paul,USA,Austin,Keyboard,Electronics,1500,3,2026-06-03
ORD11164,Benjamin Paul,USA,Austin,SQL Book,Books,750,2,2026-06-03
ORD11165,Patrick Moore,USA,Boston,T-Shirt,Clothing,800,1,2024-11-27
ORD11165,Patrick Moore,USA,Boston,T-Shirt,Clothing,800,5,2024-11-27
ORD11165,Patrick Moore,USA,Boston,Chair,Furniture,2500,4,2024-11-27
ORD11166,Keith Gross,Germany,Berlin,Monitor,Electronics,12000,1,2026-04-25
ORD11166,Keith Gross,Germany,Berlin,Cricket Bat,Sports,2200,5,2026-04-25
ORD11167,Lisa Phillips,Germany,Munich,AI Handbook,Books,1200,1,2025-01-26
ORD11167,Lisa Phillips,Germany,Munich,Tennis Racket,Sports,3500,2,2025-01-26
ORD11167,Lisa Phillips,Germany,Munich,Tennis Racket,Sports,3500,5,2025-01-26
ORD11168,Justin Barnes,Canada,Vancouver,Table,Furniture,6000,3,2024-12-17
ORD11169,James Dennis,Germany,Munich,Keyboard,Electronics,1500,3,2025-08-02
ORD11169,James Dennis,Germany,Munich,Table,Furniture,6000,1,2025-08-02
ORD11169,James Dennis,Germany,Munich,Chair,Furniture,2500,4,2025-08-02
ORD11170,Robert Andersen,India,Pune,SQL Book,Books,750,4,2024-09-10
ORD11170,Robert Andersen,India,Pune,Table,Furniture,6000,4,2024-09-10
ORD11170,Robert Andersen,India,Pune,T-Shirt,Clothing,800,5,2024-09-10
ORD11171,Katrina Nixon,Germany,Frankfurt,Chair,Furniture,2500,1,2026-03-22
ORD11172,Anthony Norris,Canada,Montreal,Jeans,Clothing,1800,2,2025-11-04
ORD11172,Anthony Norris,Canada,Montreal,Jacket,Clothing,3500,4,2025-11-04
ORD11172,Anthony Norris,Canada,Montreal,SQL Book,Books,750,4,2025-11-04
ORD11173,William Tran,Germany,Munich,Laptop,Electronics,50000,3,2024-10-31
ORD11173,William Tran,Germany,Munich,Chair,Furniture,2500,4,2024-10-31
ORD11173,William Tran,Germany,Munich,T-Shirt,Clothing,800,1,2024-10-31
ORD11174,Joyce Smith,UK,Manchester,Python Book,Books,900,3,2025-01-25
ORD11174,Joyce Smith,UK,Manchester,Laptop,Electronics,50000,2,2025-01-25
ORD11175,Justin Stuart,Canada,Vancouver,AI Handbook,Books,1200,3,2024-07-09
ORD11175,Justin Stuart,Canada,Vancouver,T-Shirt,Clothing,800,4,2024-07-09
ORD11175,Justin Stuart,Canada,Vancouver,Monitor,Electronics,12000,5,2024-07-09
ORD11176,Steven Jimenez,UK,Leeds,Laptop,Electronics,50000,4,2025-06-24
ORD11177,Rodney Jones,UK,Manchester,Football,Sports,900,1,2026-04-27
ORD11178,Matthew Davenport,UK,London,SQL Book,Books,750,4,2025-06-21
ORD11178,Matthew Davenport,UK,London,Table,Furniture,6000,2,2025-06-21
ORD11179,Robert Rodriguez,Germany,Hamburg,Python Book,Books,900,2,2025-02-12
ORD11180,Sharon Johnson,India,Mumbai,Tennis Racket,Sports,3500,4,2026-01-03
ORD11180,Sharon Johnson,India,Mumbai,Jeans,Clothing,1800,5,2026-01-03
ORD11180,Sharon Johnson,India,Mumbai,Sofa,Furniture,25000,4,2026-01-03
ORD11181,Wanda Dalton,Germany,Munich,Tennis Racket,Sports,3500,1,2026-02-06
ORD11181,Wanda Dalton,Germany,Munich,SQL Book,Books,750,5,2026-02-06
ORD11182,Andre Whitehead,Canada,Calgary,Keyboard,Electronics,1500,4,2024-12-26
ORD11182,Andre Whitehead,Canada,Calgary,Jeans,Clothing,1800,2,2024-12-26
ORD11182,Andre Whitehead,Canada,Calgary,Jacket,Clothing,3500,3,2024-12-26
ORD11183,Carolyn Johnson,Canada,Montreal,Chair,Furniture,2500,4,2024-08-16
ORD11183,Carolyn Johnson,Canada,Montreal,Chair,Furniture,2500,5,2024-08-16
ORD11183,Carolyn Johnson,Canada,Montreal,AI Handbook,Books,1200,2,2024-08-16
ORD11184,Eric Kennedy,Germany,Hamburg,Sofa,Furniture,25000,4,2025-08-16
ORD11184,Eric Kennedy,Germany,Hamburg,Jeans,Clothing,1800,1,2025-08-16
ORD11184,Eric Kennedy,Germany,Hamburg,T-Shirt,Clothing,800,2,2025-08-16
ORD11185,Johnathan Martinez,Canada,Toronto,Cricket Bat,Sports,2200,3,2025-03-08
ORD11185,Johnathan Martinez,Canada,Toronto,Jeans,Clothing,1800,2,2025-03-08
ORD11185,Johnathan Martinez,Canada,Toronto,Jeans,Clothing,1800,4,2025-03-08
ORD11186,Kevin Lewis,USA,Seattle,Table,Furniture,6000,4,2025-08-29
ORD11186,Kevin Lewis,USA,Seattle,Sofa,Furniture,25000,3,2025-08-29
ORD11187,Roger Rodriguez,Canada,Toronto,Chair,Furniture,2500,3,2025-03-25
ORD11187,Roger Rodriguez,Canada,Toronto,Sofa,Furniture,25000,1,2025-03-25
ORD11188,Tammy Drake,UK,Birmingham,SQL Book,Books,750,1,2025-03-21
ORD11188,Tammy Drake,UK,Birmingham,Football,Sports,900,2,2025-03-21
ORD11188,Tammy Drake,UK,Birmingham,T-Shirt,Clothing,800,3,2025-03-21
ORD11189,Elizabeth Norris,USA,Boston,Jeans,Clothing,1800,4,2024-09-28
ORD11189,Elizabeth Norris,USA,Boston,SQL Book,Books,750,2,2024-09-28
ORD11190,Bradley Reeves,UK,Birmingham,T-Shirt,Clothing,800,4,2025-03-05
ORD11191,Lisa Lewis,Germany,Munich,Football,Sports,900,5,2026-01-12
ORD11192,Jessica Richardson,India,Delhi,T-Shirt,Clothing,800,2,2024-07-19
ORD11192,Jessica Richardson,India,Delhi,Table,Furniture,6000,4,2024-07-19
ORD11193,Shannon Armstrong,Germany,Munich,T-Shirt,Clothing,800,4,2025-08-17
ORD11193,Shannon Armstrong,Germany,Munich,Sofa,Furniture,25000,2,2025-08-17
ORD11193,Shannon Armstrong,Germany,Munich,Tennis Racket,Sports,3500,1,2025-08-17
ORD11194,Barbara Jones,Germany,Hamburg,Jacket,Clothing,3500,2,2025-04-05
ORD11195,Brittany Diaz,India,Delhi,Laptop,Electronics,50000,1,2025-07-29
ORD11195,Brittany Diaz,India,Delhi,Table,Furniture,6000,4,2025-07-29
ORD11195,Brittany Diaz,India,Delhi,Jeans,Clothing,1800,1,2025-07-29
ORD11196,Jessica Frazier,Canada,Toronto,Cricket Bat,Sports,2200,2,2025-08-17
ORD11196,Jessica Frazier,Canada,Toronto,Football,Sports,900,1,2025-08-17
ORD11196,Jessica Frazier,Canada,Toronto,Sofa,Furniture,25000,2,2025-08-17
ORD11197,John Freeman,Canada,Calgary,Monitor,Electronics,12000,1,2025-05-11
ORD11197,John Freeman,Canada,Calgary,Laptop,Electronics,50000,3,2025-05-11
ORD11197,John Freeman,Canada,Calgary,Laptop,Electronics,50000,4,2025-05-11
ORD11198,Stanley Nelson,Canada,Vancouver,Python Book,Books,900,2,2025-06-23
ORD11198,Stanley Nelson,Canada,Vancouver,Mouse,Electronics,700,5,2025-06-23
ORD11199,Erik Perkins,Germany,Hamburg,Python Book,Books,900,2,2025-11-20
ORD11199,Erik Perkins,Germany,Hamburg,Python Book,Books,900,5,2025-11-20
ORD11199,Erik Perkins,Germany,Hamburg,Cricket Bat,Sports,2200,2,2025-11-20
ORD11200,Kimberly Burton,UK,Birmingham,Jeans,Clothing,1800,3,2024-07-09
ORD11201,George Lopez,UK,Leeds,Tennis Racket,Sports,3500,1,2024-12-06
ORD11201,George Lopez,UK,Leeds,Chair,Furniture,2500,2,2024-12-06
ORD11201,George Lopez,UK,Leeds,Cricket Bat,Sports,2200,1,2024-12-06
ORD11202,Aaron Wright,India,Pune,Python Book,Books,900,3,2025-01-19
ORD11203,Robert Garcia,USA,Seattle,Table,Furniture,6000,4,2026-06-08
ORD11203,Robert Garcia,USA,Seattle,SQL Book,Books,750,2,2026-06-08
ORD11203,Robert Garcia,USA,Seattle,Table,Furniture,6000,3,2026-06-08
ORD11204,Cheryl Merritt,USA,New York,Python Book,Books,900,3,2025-03-04
ORD11204,Cheryl Merritt,USA,New York,Table,Furniture,6000,1,2025-03-04
ORD11204,Cheryl Merritt,USA,New York,Keyboard,Electronics,1500,2,2025-03-04
ORD11205,Ryan Gates,Canada,Calgary,AI Handbook,Books,1200,4,2026-04-09
ORD11205,Ryan Gates,Canada,Calgary,T-Shirt,Clothing,800,1,2026-04-09
ORD11205,Ryan Gates,Canada,Calgary,Laptop,Electronics,50000,3,2026-04-09
ORD11206,Elizabeth Lee,USA,Boston,Keyboard,Electronics,1500,3,2025-10-28
ORD11206,Elizabeth Lee,USA,Boston,Monitor,Electronics,12000,3,2025-10-28
ORD11206,Elizabeth Lee,USA,Boston,SQL Book,Books,750,1,2025-10-28
ORD11207,Paul Weber,UK,Manchester,Laptop,Electronics,50000,2,2026-04-17
ORD11207,Paul Weber,UK,Manchester,Chair,Furniture,2500,4,2026-04-17
ORD11207,Paul Weber,UK,Manchester,Tennis Racket,Sports,3500,2,2026-04-17
ORD11208,Christopher Mullins,India,Pune,Python Book,Books,900,3,2025-01-08
ORD11208,Christopher Mullins,India,Pune,Sofa,Furniture,25000,4,2025-01-08
ORD11208,Christopher Mullins,India,Pune,Football,Sports,900,2,2025-01-08
ORD11209,Madison Sellers DDS,Germany,Berlin,Jacket,Clothing,3500,2,2025-05-11
ORD11209,Madison Sellers DDS,Germany,Berlin,Sofa,Furniture,25000,5,2025-05-11
ORD11209,Madison Sellers DDS,Germany,Berlin,Jeans,Clothing,1800,3,2025-05-11
ORD11210,Christina Miller,Canada,Vancouver,Jeans,Clothing,1800,3,2026-04-07
ORD11210,Christina Miller,Canada,Vancouver,Cricket Bat,Sports,2200,1,2026-04-07
ORD11210,Christina Miller,Canada,Vancouver,Python Book,Books,900,3,2026-04-07
ORD11211,Rachael Hodge,Germany,Frankfurt,Table,Furniture,6000,4,2026-05-04
ORD11211,Rachael Hodge,Germany,Frankfurt,Jeans,Clothing,1800,3,2026-05-04
ORD11211,Rachael Hodge,Germany,Frankfurt,Python Book,Books,900,1,2026-05-04
ORD11212,Robert Haynes,Germany,Munich,Chair,Furniture,2500,3,2024-07-01
ORD11213,Taylor Wright,USA,Boston,Chair,Furniture,2500,5,2026-05-13
ORD11213,Taylor Wright,USA,Boston,Tennis Racket,Sports,3500,2,2026-05-13
ORD11213,Taylor Wright,USA,Boston,Football,Sports,900,1,2026-05-13
ORD11214,Laura Case,USA,Austin,SQL Book,Books,750,3,2024-08-16
ORD11214,Laura Case,USA,Austin,Football,Sports,900,4,2024-08-16
ORD11215,Craig Hudson,Canada,Toronto,Table,Furniture,6000,5,2026-04-28
ORD11216,Pamela Curtis,Canada,Toronto,Jeans,Clothing,1800,5,2025-03-23
ORD11216,Pamela Curtis,Canada,Toronto,AI Handbook,Books,1200,5,2025-03-23
ORD11217,Michael Decker,UK,Manchester,Python Book,Books,900,5,2024-08-28
ORD11218,James Parker,India,Surat,Sofa,Furniture,25000,2,2024-07-16
ORD11219,Zachary Patton,Germany,Hamburg,Football,Sports,900,5,2024-11-15
ORD11219,Zachary Patton,Germany,Hamburg,Tennis Racket,Sports,3500,2,2024-11-15
ORD11220,Sharon Reid DDS,Canada,Calgary,T-Shirt,Clothing,800,1,2025-06-27
ORD11220,Sharon Reid DDS,Canada,Calgary,Monitor,Electronics,12000,2,2025-06-27
ORD11221,Joseph White,India,Surat,Tennis Racket,Sports,3500,4,2025-05-21
ORD11221,Joseph White,India,Surat,Table,Furniture,6000,1,2025-05-21
ORD11222,Sarah Kim,USA,Boston,Mouse,Electronics,700,2,2025-02-09
ORD11222,Sarah Kim,USA,Boston,Keyboard,Electronics,1500,2,2025-02-09
ORD11222,Sarah Kim,USA,Boston,AI Handbook,Books,1200,1,2025-02-09
ORD11223,Trevor Kelly,Canada,Montreal,Cricket Bat,Sports,2200,5,2026-03-05
ORD11224,Linda Johnson,Germany,Frankfurt,Chair,Furniture,2500,2,2025-05-30
ORD11225,Rachael Marsh,UK,Leeds,Jacket,Clothing,3500,4,2025-08-19
ORD11226,Miranda Potts,UK,Leeds,Laptop,Electronics,50000,4,2024-08-16
ORD11226,Miranda Potts,UK,Leeds,Jeans,Clothing,1800,1,2024-08-16
ORD11227,Jason Smith,USA,Chicago,SQL Book,Books,750,2,2025-06-16
ORD11227,Jason Smith,USA,Chicago,Football,Sports,900,2,2025-06-16
ORD11228,Anne Strong,Germany,Frankfurt,T-Shirt,Clothing,800,5,2026-01-03
ORD11228,Anne Strong,Germany,Frankfurt,Python Book,Books,900,1,2026-01-03
ORD11228,Anne Strong,Germany,Frankfurt,Jeans,Clothing,1800,1,2026-01-03
ORD11229,Chelsea Dunn,USA,Boston,Jeans,Clothing,1800,1,2025-10-23
ORD11229,Chelsea Dunn,USA,Boston,Monitor,Electronics,12000,4,2025-10-23
ORD11229,Chelsea Dunn,USA,Boston,Monitor,Electronics,12000,3,2025-10-23
ORD11230,Mark Jenkins II,Canada,Montreal,Tennis Racket,Sports,3500,3,2025-12-05
ORD11230,Mark Jenkins II,Canada,Montreal,Cricket Bat,Sports,2200,3,2025-12-05
ORD11230,Mark Jenkins II,Canada,Montreal,AI Handbook,Books,1200,3,2025-12-05
ORD11231,Tiffany Simpson,India,Surat,AI Handbook,Books,1200,3,2026-05-02
ORD11231,Tiffany Simpson,India,Surat,Jeans,Clothing,1800,2,2026-05-02
ORD11232,Amber Fields,USA,Austin,Laptop,Electronics,50000,5,2024-08-24
ORD11233,Carla Hernandez,USA,New York,Chair,Furniture,2500,1,2026-03-07
ORD11234,Casey Pearson,USA,Chicago,T-Shirt,Clothing,800,1,2025-07-12
ORD11235,Daniel Larson,UK,London,SQL Book,Books,750,4,2024-06-25
ORD11236,Samantha Sanders,India,Surat,Keyboard,Electronics,1500,2,2024-07-30
ORD11237,Patrick Wallace,UK,Birmingham,Football,Sports,900,2,2025-11-19
ORD11237,Patrick Wallace,UK,Birmingham,Monitor,Electronics,12000,5,2025-11-19
ORD11237,Patrick Wallace,UK,Birmingham,Tennis Racket,Sports,3500,3,2025-11-19
ORD11238,John Nelson,Germany,Frankfurt,T-Shirt,Clothing,800,3,2025-05-13
ORD11239,Kathleen Swanson,UK,London,Tennis Racket,Sports,3500,5,2024-11-20
ORD11239,Kathleen Swanson,UK,London,Jeans,Clothing,1800,4,2024-11-20
ORD11240,April Esparza,Canada,Toronto,Tennis Racket,Sports,3500,4,2025-12-08
ORD11241,Carlos Hansen,Germany,Berlin,AI Handbook,Books,1200,5,2025-04-04
ORD11241,Carlos Hansen,Germany,Berlin,SQL Book,Books,750,3,2025-04-04
ORD11241,Carlos Hansen,Germany,Berlin,Football,Sports,900,3,2025-04-04
ORD11242,Bruce Pruitt,UK,Manchester,Chair,Furniture,2500,3,2026-03-04
ORD11243,Larry Medina,Canada,Montreal,SQL Book,Books,750,5,2025-07-14
ORD11244,Yvonne Gonzalez,India,Ahmedabad,AI Handbook,Books,1200,1,2026-06-01
ORD11244,Yvonne Gonzalez,India,Ahmedabad,Jacket,Clothing,3500,1,2026-06-01
ORD11245,Randall Carrillo,Germany,Frankfurt,Tennis Racket,Sports,3500,5,2025-08-09
ORD11246,Michelle Meyer DVM,India,Ahmedabad,Mouse,Electronics,700,3,2024-07-23
ORD11246,Michelle Meyer DVM,India,Ahmedabad,T-Shirt,Clothing,800,5,2024-07-23
ORD11246,Michelle Meyer DVM,India,Ahmedabad,Sofa,Furniture,25000,4,2024-07-23
ORD11247,Cynthia Taylor,India,Pune,SQL Book,Books,750,3,2025-03-19
ORD11247,Cynthia Taylor,India,Pune,AI Handbook,Books,1200,2,2025-03-19
ORD11248,Jamie Brown,India,Ahmedabad,Monitor,Electronics,12000,2,2025-08-22
ORD11248,Jamie Brown,India,Ahmedabad,T-Shirt,Clothing,800,1,2025-08-22
ORD11248,Jamie Brown,India,Ahmedabad,Table,Furniture,6000,1,2025-08-22
ORD11249,Edgar Scott,Germany,Berlin,T-Shirt,Clothing,800,4,2025-10-10
ORD11249,Edgar Scott,Germany,Berlin,Football,Sports,900,1,2025-10-10
ORD11249,Edgar Scott,Germany,Berlin,Laptop,Electronics,50000,5,2025-10-10
ORD11250,James Baker,Germany,Munich,Football,Sports,900,5,2025-06-23
ORD11250,James Baker,Germany,Munich,AI Handbook,Books,1200,4,2025-06-23
ORD11251,Amy Robinson,Canada,Montreal,Jacket,Clothing,3500,2,2024-08-13
ORD11251,Amy Robinson,Canada,Montreal,Python Book,Books,900,4,2024-08-13
ORD11252,Paul Hudson,Germany,Berlin,Cricket Bat,Sports,2200,5,2026-01-05
ORD11252,Paul Hudson,Germany,Berlin,Cricket Bat,Sports,2200,1,2026-01-05
ORD11253,Ashley Williams,Canada,Calgary,Chair,Furniture,2500,2,2026-01-11
ORD11253,Ashley Williams,Canada,Calgary,SQL Book,Books,750,1,2026-01-11
ORD11254,John Jones,USA,New York,AI Handbook,Books,1200,4,2024-10-17
ORD11254,John Jones,USA,New York,Jacket,Clothing,3500,4,2024-10-17
ORD11255,Dominic Crawford,UK,Leeds,Monitor,Electronics,12000,4,2025-11-14
ORD11255,Dominic Crawford,UK,Leeds,AI Handbook,Books,1200,2,2025-11-14
ORD11256,Stacy Johnson,India,Delhi,Cricket Bat,Sports,2200,4,2024-09-04
ORD11257,Candice Ford,UK,Leeds,Cricket Bat,Sports,2200,4,2024-09-11
ORD11257,Candice Ford,UK,Leeds,T-Shirt,Clothing,800,5,2024-09-11
ORD11257,Candice Ford,UK,Leeds,Sofa,Furniture,25000,4,2024-09-11
ORD11258,Kenneth Callahan,India,Ahmedabad,Jacket,Clothing,3500,2,2025-04-25
ORD11258,Kenneth Callahan,India,Ahmedabad,Cricket Bat,Sports,2200,1,2025-04-25
ORD11259,Michael Wright,Canada,Toronto,Jeans,Clothing,1800,4,2026-06-10
ORD11260,Becky Miller,USA,Boston,Python Book,Books,900,5,2025-06-23
ORD11260,Becky Miller,USA,Boston,Laptop,Electronics,50000,2,2025-06-23
ORD11261,Kelly Smith,UK,London,Chair,Furniture,2500,5,2025-03-27
ORD11262,Gary Miller,India,Delhi,Mouse,Electronics,700,2,2025-06-03
ORD11262,Gary Miller,India,Delhi,Laptop,Electronics,50000,3,2025-06-03
ORD11263,Tamara Kirk,UK,London,Laptop,Electronics,50000,1,2025-01-18
ORD11263,Tamara Kirk,UK,London,SQL Book,Books,750,1,2025-01-18
ORD11263,Tamara Kirk,UK,London,Table,Furniture,6000,2,2025-01-18
ORD11264,Meghan Williams,Germany,Frankfurt,Tennis Racket,Sports,3500,4,2025-03-04
ORD11264,Meghan Williams,Germany,Frankfurt,Jacket,Clothing,3500,3,2025-03-04
ORD11264,Meghan Williams,Germany,Frankfurt,Jeans,Clothing,1800,1,2025-03-04
ORD11265,Samuel Walker,India,Pune,Mouse,Electronics,700,1,2024-10-31
ORD11266,Cheryl Bailey,India,Mumbai,Python Book,Books,900,4,2024-09-09
ORD11267,Robert Russell,Canada,Vancouver,Python Book,Books,900,1,2025-06-27
ORD11267,Robert Russell,Canada,Vancouver,Python Book,Books,900,3,2025-06-27
ORD11267,Robert Russell,Canada,Vancouver,Sofa,Furniture,25000,2,2025-06-27
ORD11268,James Haynes,UK,Birmingham,Jacket,Clothing,3500,1,2025-03-22
ORD11269,Sandra Ramirez,Canada,Calgary,T-Shirt,Clothing,800,1,2025-03-09
ORD11269,Sandra Ramirez,Canada,Calgary,Cricket Bat,Sports,2200,2,2025-03-09
ORD11269,Sandra Ramirez,Canada,Calgary,Jeans,Clothing,1800,1,2025-03-09
ORD11270,Stacey Short,Canada,Toronto,Jeans,Clothing,1800,2,2025-01-28
ORD11270,Stacey Short,Canada,Toronto,AI Handbook,Books,1200,1,2025-01-28
ORD11271,Kendra Daniels,India,Delhi,SQL Book,Books,750,4,2025-08-16
ORD11271,Kendra Daniels,India,Delhi,Monitor,Electronics,12000,5,2025-08-16
ORD11271,Kendra Daniels,India,Delhi,Table,Furniture,6000,5,2025-08-16
ORD11272,Christopher Brooks,India,Delhi,Cricket Bat,Sports,2200,2,2025-07-04
ORD11272,Christopher Brooks,India,Delhi,Chair,Furniture,2500,3,2025-07-04
ORD11272,Christopher Brooks,India,Delhi,Keyboard,Electronics,1500,1,2025-07-04
ORD11273,Chad Gutierrez,UK,Birmingham,AI Handbook,Books,1200,2,2025-03-15
ORD11273,Chad Gutierrez,UK,Birmingham,Laptop,Electronics,50000,3,2025-03-15
ORD11273,Chad Gutierrez,UK,Birmingham,Chair,Furniture,2500,4,2025-03-15
ORD11274,Daniel Jimenez,USA,Boston,Jeans,Clothing,1800,2,2025-10-12
ORD11274,Daniel Jimenez,USA,Boston,Tennis Racket,Sports,3500,5,2025-10-12
ORD11274,Daniel Jimenez,USA,Boston,Football,Sports,900,4,2025-10-12
ORD11275,Joseph Moreno,India,Delhi,AI Handbook,Books,1200,3,2024-11-30
ORD11275,Joseph Moreno,India,Delhi,Mouse,Electronics,700,3,2024-11-30
ORD11276,Danielle Ross,Germany,Berlin,Jacket,Clothing,3500,5,2025-09-17
ORD11276,Danielle Ross,Germany,Berlin,Python Book,Books,900,3,2025-09-17
ORD11276,Danielle Ross,Germany,Berlin,Python Book,Books,900,3,2025-09-17
ORD11277,Richard Wagner,Canada,Vancouver,Chair,Furniture,2500,1,2024-06-17
ORD11278,Mary Haynes,India,Ahmedabad,AI Handbook,Books,1200,2,2024-11-20
ORD11278,Mary Haynes,India,Ahmedabad,Mouse,Electronics,700,3,2024-11-20
ORD11279,Gregory Henderson,UK,Leeds,Mouse,Electronics,700,2,2026-05-23
ORD11279,Gregory Henderson,UK,Leeds,Mouse,Electronics,700,5,2026-05-23
ORD11279,Gregory Henderson,UK,Leeds,Chair,Furniture,2500,1,2026-05-23
ORD11280,Edward Bauer,USA,Austin,SQL Book,Books,750,4,2024-07-25
ORD11280,Edward Bauer,USA,Austin,Sofa,Furniture,25000,4,2024-07-25
ORD11280,Edward Bauer,USA,Austin,Python Book,Books,900,2,2024-07-25
ORD11281,Angela Stewart,UK,Leeds,SQL Book,Books,750,1,2024-08-06
ORD11281,Angela Stewart,UK,Leeds,Sofa,Furniture,25000,1,2024-08-06
ORD11281,Angela Stewart,UK,Leeds,Laptop,Electronics,50000,5,2024-08-06
ORD11282,Willie Holloway,UK,Manchester,Python Book,Books,900,2,2024-12-05
ORD11282,Willie Holloway,UK,Manchester,Sofa,Furniture,25000,2,2024-12-05
ORD11282,Willie Holloway,UK,Manchester,Tennis Racket,Sports,3500,5,2024-12-05
ORD11283,Chelsea Jones,India,Mumbai,Monitor,Electronics,12000,3,2024-10-17
ORD11283,Chelsea Jones,India,Mumbai,Keyboard,Electronics,1500,1,2024-10-17
ORD11284,David Sims,Germany,Frankfurt,AI Handbook,Books,1200,2,2026-05-01
ORD11284,David Sims,Germany,Frankfurt,Keyboard,Electronics,1500,4,2026-05-01
ORD11284,David Sims,Germany,Frankfurt,Table,Furniture,6000,5,2026-05-01
ORD11285,Brandon Morales,India,Ahmedabad,SQL Book,Books,750,1,2024-08-16
ORD11285,Brandon Morales,India,Ahmedabad,Chair,Furniture,2500,3,2024-08-16
ORD11286,Michael Mccullough,Canada,Toronto,Chair,Furniture,2500,5,2025-04-14
ORD11286,Michael Mccullough,Canada,Toronto,Jeans,Clothing,1800,5,2025-04-14
ORD11286,Michael Mccullough,Canada,Toronto,Monitor,Electronics,12000,3,2025-04-14
ORD11287,Bruce Franco,UK,London,Mouse,Electronics,700,3,2025-10-11
ORD11287,Bruce Franco,UK,London,Python Book,Books,900,5,2025-10-11
ORD11287,Bruce Franco,UK,London,T-Shirt,Clothing,800,5,2025-10-11
ORD11288,Eric Henson,India,Delhi,Jacket,Clothing,3500,5,2025-06-13
ORD11288,Eric Henson,India,Delhi,Keyboard,Electronics,1500,3,2025-06-13
ORD11288,Eric Henson,India,Delhi,Table,Furniture,6000,1,2025-06-13
ORD11289,David Rivera,Germany,Berlin,Cricket Bat,Sports,2200,5,2025-01-24
ORD11289,David Rivera,Germany,Berlin,Sofa,Furniture,25000,3,2025-01-24
ORD11290,John Miller,India,Delhi,Mouse,Electronics,700,4,2026-03-15
ORD11290,John Miller,India,Delhi,Sofa,Furniture,25000,3,2026-03-15
ORD11290,John Miller,India,Delhi,Football,Sports,900,1,2026-03-15
ORD11291,Cindy Barrett,UK,Manchester,AI Handbook,Books,1200,3,2025-01-11
ORD11291,Cindy Barrett,UK,Manchester,Tennis Racket,Sports,3500,4,2025-01-11
ORD11292,Sharon Chaney,UK,Leeds,Cricket Bat,Sports,2200,2,2025-01-04
ORD11292,Sharon Chaney,UK,Leeds,Jacket,Clothing,3500,4,2025-01-04
ORD11292,Sharon Chaney,UK,Leeds,Sofa,Furniture,25000,1,2025-01-04
ORD11293,Julia Delgado,UK,Leeds,Tennis Racket,Sports,3500,4,2024-12-18
ORD11294,Thomas Horton,Germany,Berlin,T-Shirt,Clothing,800,1,2024-07-06
ORD11295,Brittney Bennett,Canada,Montreal,Sofa,Furniture,25000,2,2025-05-26
ORD11295,Brittney Bennett,Canada,Montreal,Laptop,Electronics,50000,3,2025-05-26
ORD11296,April Thomas,India,Mumbai,Table,Furniture,6000,5,2025-04-09
ORD11296,April Thomas,India,Mumbai,Python Book,Books,900,5,2025-04-09
ORD11297,Karen Nelson,USA,Chicago,T-Shirt,Clothing,800,1,2024-12-20
ORD11297,Karen Nelson,USA,Chicago,T-Shirt,Clothing,800,3,2024-12-20
ORD11298,Megan Walker,India,Ahmedabad,Keyboard,Electronics,1500,5,2025-12-19
ORD11298,Megan Walker,India,Ahmedabad,AI Handbook,Books,1200,1,2025-12-19
ORD11298,Megan Walker,India,Ahmedabad,Table,Furniture,6000,3,2025-12-19
ORD11299,Meredith Davis,USA,Chicago,T-Shirt,Clothing,800,5,2026-05-19
ORD11300,Thomas Combs,Germany,Frankfurt,Jacket,Clothing,3500,5,2026-05-23
ORD11300,Thomas Combs,Germany,Frankfurt,Tennis Racket,Sports,3500,5,2026-05-23
ORD11301,Elizabeth Fry,India,Pune,AI Handbook,Books,1200,2,2024-11-12
ORD11302,Jill Petersen,USA,Seattle,Chair,Furniture,2500,3,2025-10-27
ORD11302,Jill Petersen,USA,Seattle,Mouse,Electronics,700,2,2025-10-27
ORD11302,Jill Petersen,USA,Seattle,T-Shirt,Clothing,800,1,2025-10-27
ORD11303,Allen Ramirez,USA,Seattle,Laptop,Electronics,50000,4,2026-06-15
ORD11303,Allen Ramirez,USA,Seattle,Jacket,Clothing,3500,5,2026-06-15
ORD11304,Deborah Fuentes,Canada,Calgary,Python Book,Books,900,2,2026-05-27
ORD11304,Deborah Fuentes,Canada,Calgary,T-Shirt,Clothing,800,2,2026-05-27
ORD11304,Deborah Fuentes,Canada,Calgary,Tennis Racket,Sports,3500,2,2026-05-27
ORD11305,Jillian Russell,India,Ahmedabad,T-Shirt,Clothing,800,4,2025-04-03
ORD11305,Jillian Russell,India,Ahmedabad,Laptop,Electronics,50000,5,2025-04-03
ORD11306,Sarah Brown,USA,Seattle,Python Book,Books,900,4,2026-05-23
ORD11306,Sarah Brown,USA,Seattle,Table,Furniture,6000,4,2026-05-23
ORD11306,Sarah Brown,USA,Seattle,Tennis Racket,Sports,3500,5,2026-05-23
ORD11307,Brittany Anderson,UK,Leeds,Laptop,Electronics,50000,3,2024-08-25
ORD11307,Brittany Anderson,UK,Leeds,Python Book,Books,900,2,2024-08-25
ORD11308,Ashley Lopez PhD,Germany,Berlin,Tennis Racket,Sports,3500,1,2025-02-27
ORD11309,Jeffrey Blake,UK,Leeds,Football,Sports,900,5,2025-06-26
ORD11309,Jeffrey Blake,UK,Leeds,AI Handbook,Books,1200,2,2025-06-26
ORD11309,Jeffrey Blake,UK,Leeds,Laptop,Electronics,50000,4,2025-06-26
ORD11310,Katherine Maddox,Germany,Munich,Tennis Racket,Sports,3500,5,2025-02-28
ORD11310,Katherine Maddox,Germany,Munich,Chair,Furniture,2500,3,2025-02-28
ORD11310,Katherine Maddox,Germany,Munich,Jacket,Clothing,3500,5,2025-02-28
ORD11311,Patricia Archer,India,Delhi,Cricket Bat,Sports,2200,3,2024-10-15
ORD11311,Patricia Archer,India,Delhi,Table,Furniture,6000,4,2024-10-15
ORD11311,Patricia Archer,India,Delhi,Chair,Furniture,2500,5,2024-10-15
ORD11312,Jessica Bryant,India,Pune,AI Handbook,Books,1200,4,2025-09-15
ORD11312,Jessica Bryant,India,Pune,Sofa,Furniture,25000,1,2025-09-15
ORD11313,Christopher Edwards,Canada,Montreal,Tennis Racket,Sports,3500,1,2025-10-19
ORD11313,Christopher Edwards,Canada,Montreal,Sofa,Furniture,25000,4,2025-10-19
ORD11313,Christopher Edwards,Canada,Montreal,Jacket,Clothing,3500,1,2025-10-19
ORD11314,Stacy Johnson,India,Ahmedabad,Laptop,Electronics,50000,2,2026-05-13
ORD11314,Stacy Johnson,India,Ahmedabad,SQL Book,Books,750,2,2026-05-13
ORD11314,Stacy Johnson,India,Ahmedabad,Tennis Racket,Sports,3500,3,2026-05-13
ORD11315,Jacob Smith,USA,Chicago,Monitor,Electronics,12000,4,2026-06-09
ORD11315,Jacob Smith,USA,Chicago,SQL Book,Books,750,1,2026-06-09
ORD11316,Maurice Valenzuela DDS,Canada,Toronto,Tennis Racket,Sports,3500,5,2026-03-10
ORD11316,Maurice Valenzuela DDS,Canada,Toronto,Laptop,Electronics,50000,2,2026-03-10
ORD11316,Maurice Valenzuela DDS,Canada,Toronto,Sofa,Furniture,25000,5,2026-03-10
ORD11317,Andre Young,UK,Leeds,Python Book,Books,900,4,2025-03-06
ORD11317,Andre Young,UK,Leeds,Mouse,Electronics,700,5,2025-03-06
ORD11318,Sheri Tanner,USA,Boston,Sofa,Furniture,25000,1,2024-06-21
ORD11318,Sheri Tanner,USA,Boston,Table,Furniture,6000,1,2024-06-21
ORD11318,Sheri Tanner,USA,Boston,SQL Book,Books,750,1,2024-06-21
ORD11319,Denise Shaffer,UK,London,SQL Book,Books,750,1,2026-01-29
ORD11319,Denise Shaffer,UK,London,Laptop,Electronics,50000,2,2026-01-29
ORD11320,Jean Burton,USA,Seattle,T-Shirt,Clothing,800,2,2026-04-25
ORD11320,Jean Burton,USA,Seattle,Football,Sports,900,3,2026-04-25
ORD11320,Jean Burton,USA,Seattle,Chair,Furniture,2500,3,2026-04-25
ORD11321,Jason Chapman,Germany,Frankfurt,T-Shirt,Clothing,800,4,2025-10-29
ORD11321,Jason Chapman,Germany,Frankfurt,SQL Book,Books,750,3,2025-10-29
ORD11322,Margaret Rojas,USA,Boston,Python Book,Books,900,3,2024-10-26
ORD11322,Margaret Rojas,USA,Boston,Monitor,Electronics,12000,3,2024-10-26
ORD11322,Margaret Rojas,USA,Boston,Cricket Bat,Sports,2200,3,2024-10-26
ORD11323,Randy Macdonald,Germany,Berlin,T-Shirt,Clothing,800,5,2024-09-21
ORD11324,Megan Garcia,India,Ahmedabad,Python Book,Books,900,1,2025-07-23
ORD11324,Megan Garcia,India,Ahmedabad,Monitor,Electronics,12000,5,2025-07-23
ORD11324,Megan Garcia,India,Ahmedabad,Python Book,Books,900,1,2025-07-23
ORD11325,Matthew Rivera,Canada,Calgary,Table,Furniture,6000,2,2024-08-06
ORD11326,Travis Williamson,Germany,Berlin,Cricket Bat,Sports,2200,4,2024-10-22
ORD11326,Travis Williamson,Germany,Berlin,T-Shirt,Clothing,800,1,2024-10-22
ORD11327,Brenda Jackson,USA,Seattle,T-Shirt,Clothing,800,4,2025-10-03
ORD11328,Karen Bradford,Canada,Toronto,AI Handbook,Books,1200,5,2024-09-03
ORD11328,Karen Bradford,Canada,Toronto,Monitor,Electronics,12000,2,2024-09-03
ORD11328,Karen Bradford,Canada,Toronto,Table,Furniture,6000,2,2024-09-03
ORD11329,Brenda Levine,USA,New York,Mouse,Electronics,700,2,2026-01-18
ORD11329,Brenda Levine,USA,New York,Chair,Furniture,2500,5,2026-01-18
ORD11330,Mary David,India,Delhi,Sofa,Furniture,25000,4,2025-08-03
ORD11331,Cody Adams,UK,Manchester,Table,Furniture,6000,1,2026-03-06
ORD11332,Haley Wilson,Canada,Vancouver,Mouse,Electronics,700,4,2026-04-30
ORD11332,Haley Wilson,Canada,Vancouver,Tennis Racket,Sports,3500,3,2026-04-30
ORD11333,Stephen Richardson,USA,Boston,Tennis Racket,Sports,3500,5,2026-05-07
ORD11333,Stephen Richardson,USA,Boston,Python Book,Books,900,2,2026-05-07
ORD11334,Charles Hall,UK,Leeds,Chair,Furniture,2500,5,2025-03-16
ORD11335,Amanda Ryan,USA,Austin,T-Shirt,Clothing,800,3,2025-08-24
ORD11335,Amanda Ryan,USA,Austin,Python Book,Books,900,5,2025-08-24
ORD11335,Amanda Ryan,USA,Austin,Chair,Furniture,2500,5,2025-08-24
ORD11336,Jamie Brown,UK,Birmingham,Laptop,Electronics,50000,5,2024-09-24
ORD11337,Cynthia Myers,Germany,Munich,AI Handbook,Books,1200,1,2026-02-20
ORD11338,Timothy Mccoy,UK,Manchester,Laptop,Electronics,50000,2,2026-03-23
ORD11339,Sarah Young,India,Delhi,Keyboard,Electronics,1500,1,2025-03-30
ORD11340,Jonathan Bautista,Germany,Munich,Table,Furniture,6000,2,2026-04-28
ORD11341,Vincent Bennett,UK,Manchester,T-Shirt,Clothing,800,5,2024-08-29
ORD11342,Mrs. Stacey Hall,USA,Seattle,Sofa,Furniture,25000,2,2024-06-23
ORD11343,Julie Nolan,UK,Leeds,Tennis Racket,Sports,3500,4,2025-06-25
ORD11343,Julie Nolan,UK,Leeds,Laptop,Electronics,50000,5,2025-06-25
ORD11343,Julie Nolan,UK,Leeds,Keyboard,Electronics,1500,2,2025-06-25
ORD11344,Bruce Jenkins,USA,Austin,Table,Furniture,6000,3,2025-10-05
ORD11345,Samuel Spencer,USA,Chicago,Monitor,Electronics,12000,5,2026-05-31
ORD11345,Samuel Spencer,USA,Chicago,Football,Sports,900,4,2026-05-31
ORD11346,Gregory Ellis,UK,London,Cricket Bat,Sports,2200,4,2024-07-21
ORD11346,Gregory Ellis,UK,London,SQL Book,Books,750,3,2024-07-21
ORD11346,Gregory Ellis,UK,London,Keyboard,Electronics,1500,4,2024-07-21
ORD11347,Laura Henry,USA,Boston,Monitor,Electronics,12000,1,2026-03-04
ORD11347,Laura Henry,USA,Boston,Chair,Furniture,2500,5,2026-03-04
ORD11348,Edward Harris,Germany,Hamburg,Sofa,Furniture,25000,2,2025-03-16
ORD11348,Edward Harris,Germany,Hamburg,AI Handbook,Books,1200,1,2025-03-16
ORD11349,Jennifer Dunn,Canada,Montreal,Chair,Furniture,2500,3,2025-08-28
ORD11349,Jennifer Dunn,Canada,Montreal,Python Book,Books,900,2,2025-08-28
ORD11350,Donna Trujillo,India,Surat,Tennis Racket,Sports,3500,5,2024-11-07
ORD11350,Donna Trujillo,India,Surat,Tennis Racket,Sports,3500,3,2024-11-07
ORD11350,Donna Trujillo,India,Surat,SQL Book,Books,750,4,2024-11-07
ORD11351,Donald Smith,Canada,Calgary,Football,Sports,900,3,2026-04-27
ORD11352,Ian Hill,Germany,Frankfurt,Monitor,Electronics,12000,2,2026-06-12
ORD11353,Patrick Young,Germany,Hamburg,Jeans,Clothing,1800,3,2026-04-05
ORD11353,Patrick Young,Germany,Hamburg,T-Shirt,Clothing,800,5,2026-04-05
ORD11354,Jeff Hartman,Canada,Toronto,Python Book,Books,900,5,2025-04-18
ORD11355,Emily Herrera MD,UK,Manchester,Python Book,Books,900,3,2024-06-27
ORD11356,Joshua Clark,India,Pune,Football,Sports,900,1,2026-01-28
ORD11356,Joshua Clark,India,Pune,Cricket Bat,Sports,2200,4,2026-01-28
ORD11357,Karen Brewer,Canada,Vancouver,Jeans,Clothing,1800,1,2025-06-06
ORD11357,Karen Brewer,Canada,Vancouver,AI Handbook,Books,1200,3,2025-06-06
ORD11357,Karen Brewer,Canada,Vancouver,Chair,Furniture,2500,3,2025-06-06
ORD11358,Teresa Hill,Canada,Calgary,Monitor,Electronics,12000,3,2026-06-17
ORD11358,Teresa Hill,Canada,Calgary,Jeans,Clothing,1800,2,2026-06-17
ORD11358,Teresa Hill,Canada,Calgary,AI Handbook,Books,1200,4,2026-06-17
ORD11359,Laura Morgan,India,Delhi,Jacket,Clothing,3500,2,2025-09-19
ORD11359,Laura Morgan,India,Delhi,AI Handbook,Books,1200,5,2025-09-19
ORD11360,Nina Johnson,UK,Manchester,Mouse,Electronics,700,3,2026-02-26
ORD11361,Sabrina Gregory,Germany,Hamburg,T-Shirt,Clothing,800,5,2025-04-18
ORD11361,Sabrina Gregory,Germany,Hamburg,Jacket,Clothing,3500,5,2025-04-18
ORD11361,Sabrina Gregory,Germany,Hamburg,Python Book,Books,900,1,2025-04-18
ORD11362,Danny Marquez,USA,Austin,Jacket,Clothing,3500,5,2024-12-14
ORD11362,Danny Marquez,USA,Austin,AI Handbook,Books,1200,1,2024-12-14
ORD11363,Megan Bowen,India,Surat,Jeans,Clothing,1800,5,2025-01-30
ORD11363,Megan Bowen,India,Surat,T-Shirt,Clothing,800,4,2025-01-30
ORD11363,Megan Bowen,India,Surat,SQL Book,Books,750,1,2025-01-30
ORD11364,Dylan Love,Canada,Calgary,Sofa,Furniture,25000,1,2026-06-13
ORD11365,Jeremy Brown,India,Delhi,T-Shirt,Clothing,800,3,2024-08-19
ORD11366,Maria Martin,Germany,Frankfurt,Tennis Racket,Sports,3500,1,2026-02-14
ORD11366,Maria Martin,Germany,Frankfurt,Table,Furniture,6000,5,2026-02-14
ORD11367,Katie Roach,UK,Birmingham,Sofa,Furniture,25000,1,2024-09-18
ORD11368,Rachel Green,Canada,Vancouver,SQL Book,Books,750,5,2024-10-13
ORD11368,Rachel Green,Canada,Vancouver,Jeans,Clothing,1800,3,2024-10-13
ORD11368,Rachel Green,Canada,Vancouver,Table,Furniture,6000,2,2024-10-13
ORD11369,Kevin Atkins,USA,Chicago,Chair,Furniture,2500,2,2026-03-29
ORD11370,Phillip Nguyen,UK,Manchester,AI Handbook,Books,1200,1,2024-06-28
ORD11370,Phillip Nguyen,UK,Manchester,Cricket Bat,Sports,2200,5,2024-06-28
ORD11370,Phillip Nguyen,UK,Manchester,Cricket Bat,Sports,2200,4,2024-06-28
ORD11371,Veronica Jones,Germany,Frankfurt,Cricket Bat,Sports,2200,5,2025-07-17
ORD11372,Amy Garcia,USA,Austin,Jeans,Clothing,1800,5,2026-06-16
ORD11372,Amy Garcia,USA,Austin,Jeans,Clothing,1800,5,2026-06-16
ORD11373,Eric Miller,UK,Manchester,Chair,Furniture,2500,1,2025-02-14
ORD11374,Ms. Sharon Taylor,Germany,Munich,T-Shirt,Clothing,800,4,2024-06-26
ORD11374,Ms. Sharon Taylor,Germany,Munich,Chair,Furniture,2500,2,2024-06-26
ORD11375,Dr. Danielle Powell DDS,Canada,Toronto,Tennis Racket,Sports,3500,5,2025-01-22
ORD11376,Darren Medina,Germany,Berlin,Sofa,Furniture,25000,2,2026-01-23
ORD11376,Darren Medina,Germany,Berlin,Monitor,Electronics,12000,4,2026-01-23
ORD11376,Darren Medina,Germany,Berlin,T-Shirt,Clothing,800,4,2026-01-23
ORD11377,Bridget Walsh,Germany,Frankfurt,Monitor,Electronics,12000,4,2026-05-10
ORD11377,Bridget Walsh,Germany,Frankfurt,Football,Sports,900,4,2026-05-10
ORD11377,Bridget Walsh,Germany,Frankfurt,Table,Furniture,6000,4,2026-05-10
ORD11378,James Garcia,India,Delhi,Keyboard,Electronics,1500,1,2025-09-02
ORD11378,James Garcia,India,Delhi,Jacket,Clothing,3500,4,2025-09-02
ORD11378,James Garcia,India,Delhi,Keyboard,Electronics,1500,5,2025-09-02
ORD11379,Kevin Johnson,USA,New York,Keyboard,Electronics,1500,4,2026-05-23
ORD11379,Kevin Johnson,USA,New York,Tennis Racket,Sports,3500,1,2026-05-23
ORD11380,Beth Henson,UK,London,Sofa,Furniture,25000,1,2024-06-18
ORD11380,Beth Henson,UK,London,Tennis Racket,Sports,3500,5,2024-06-18
ORD11380,Beth Henson,UK,London,Football,Sports,900,2,2024-06-18
ORD11381,Hannah Mcmillan,USA,Boston,Football,Sports,900,4,2024-10-25
ORD11382,Allison Ward,India,Ahmedabad,AI Handbook,Books,1200,4,2024-09-20
ORD11382,Allison Ward,India,Ahmedabad,Jeans,Clothing,1800,4,2024-09-20
ORD11383,Edward Sharp,USA,Austin,Jeans,Clothing,1800,4,2026-02-25
ORD11384,Alexandra Jackson,UK,Birmingham,Football,Sports,900,1,2025-12-10
ORD11384,Alexandra Jackson,UK,Birmingham,Tennis Racket,Sports,3500,1,2025-12-10
ORD11385,Steven Herrera,India,Surat,Football,Sports,900,3,2025-01-19
ORD11386,Rebecca Jones,Germany,Berlin,Jacket,Clothing,3500,1,2026-03-04
ORD11386,Rebecca Jones,Germany,Berlin,SQL Book,Books,750,4,2026-03-04
ORD11387,Leroy Stevens,India,Delhi,Jeans,Clothing,1800,1,2026-03-16
ORD11387,Leroy Stevens,India,Delhi,Sofa,Furniture,25000,2,2026-03-16
ORD11388,Jennifer Cooper,Canada,Toronto,SQL Book,Books,750,3,2024-09-23
ORD11388,Jennifer Cooper,Canada,Toronto,Jeans,Clothing,1800,2,2024-09-23
ORD11388,Jennifer Cooper,Canada,Toronto,Jacket,Clothing,3500,3,2024-09-23
ORD11389,Larry Johnson,UK,London,SQL Book,Books,750,4,2024-09-19
ORD11389,Larry Johnson,UK,London,Mouse,Electronics,700,2,2024-09-19
ORD11390,Adrienne Miranda,Germany,Frankfurt,Keyboard,Electronics,1500,5,2024-11-19
ORD11390,Adrienne Miranda,Germany,Frankfurt,Python Book,Books,900,2,2024-11-19
ORD11390,Adrienne Miranda,Germany,Frankfurt,Table,Furniture,6000,2,2024-11-19
ORD11391,Steven Flowers,Germany,Berlin,Keyboard,Electronics,1500,1,2024-08-16
ORD11391,Steven Flowers,Germany,Berlin,Table,Furniture,6000,5,2024-08-16
ORD11391,Steven Flowers,Germany,Berlin,T-Shirt,Clothing,800,3,2024-08-16
ORD11392,Samantha Velazquez,India,Ahmedabad,Sofa,Furniture,25000,1,2024-11-18
ORD11392,Samantha Velazquez,India,Ahmedabad,Mouse,Electronics,700,5,2024-11-18
ORD11393,Michelle Cunningham,UK,Leeds,Keyboard,Electronics,1500,1,2025-02-20
ORD11393,Michelle Cunningham,UK,Leeds,SQL Book,Books,750,4,2025-02-20
ORD11393,Michelle Cunningham,UK,Leeds,Jacket,Clothing,3500,3,2025-02-20
ORD11394,Robert Carr,USA,Seattle,Tennis Racket,Sports,3500,4,2026-03-02
ORD11394,Robert Carr,USA,Seattle,Table,Furniture,6000,1,2026-03-02
ORD11395,Thomas Dominguez,Canada,Montreal,Monitor,Electronics,12000,3,2025-12-03
ORD11395,Thomas Dominguez,Canada,Montreal,Football,Sports,900,5,2025-12-03
ORD11396,Benjamin Garcia,USA,Boston,Jacket,Clothing,3500,4,2025-09-18
ORD11397,Tanya Hernandez,UK,London,Table,Furniture,6000,5,2024-12-23
ORD11398,Lance Rodriguez,Canada,Toronto,SQL Book,Books,750,1,2025-05-20
ORD11399,Kerri Jensen,India,Pune,SQL Book,Books,750,2,2025-11-09
ORD11399,Kerri Jensen,India,Pune,Sofa,Furniture,25000,2,2025-11-09
ORD11400,Kyle House,India,Mumbai,SQL Book,Books,750,2,2025-10-10
ORD11400,Kyle House,India,Mumbai,AI Handbook,Books,1200,5,2025-10-10
ORD11401,Robert Riddle,India,Pune,Python Book,Books,900,1,2024-10-19
ORD11401,Robert Riddle,India,Pune,Mouse,Electronics,700,3,2024-10-19
ORD11402,Martha Leonard,UK,Leeds,Jacket,Clothing,3500,1,2025-08-03
ORD11402,Martha Leonard,UK,Leeds,Chair,Furniture,2500,4,2025-08-03
ORD11402,Martha Leonard,UK,Leeds,Cricket Bat,Sports,2200,1,2025-08-03
ORD11403,Elijah Mccarthy,India,Pune,Mouse,Electronics,700,4,2026-04-03
ORD11403,Elijah Mccarthy,India,Pune,Keyboard,Electronics,1500,2,2026-04-03
ORD11403,Elijah Mccarthy,India,Pune,Mouse,Electronics,700,5,2026-04-03
ORD11404,Erik Cruz,USA,New York,Football,Sports,900,4,2026-01-05
ORD11404,Erik Cruz,USA,New York,Jacket,Clothing,3500,3,2026-01-05
ORD11405,Gregory Wolf,USA,Boston,SQL Book,Books,750,3,2025-11-27
ORD11406,Patricia Carlson MD,Germany,Hamburg,Monitor,Electronics,12000,2,2025-01-01
ORD11406,Patricia Carlson MD,Germany,Hamburg,Keyboard,Electronics,1500,1,2025-01-01
ORD11407,Crystal Lyons,UK,Manchester,Mouse,Electronics,700,5,2025-07-25
ORD11407,Crystal Lyons,UK,Manchester,Table,Furniture,6000,3,2025-07-25
ORD11408,Christopher Vang,UK,London,AI Handbook,Books,1200,4,2026-04-14
ORD11408,Christopher Vang,UK,London,T-Shirt,Clothing,800,3,2026-04-14
ORD11408,Christopher Vang,UK,London,Chair,Furniture,2500,2,2026-04-14
ORD11409,Beth Patton,USA,Boston,Jeans,Clothing,1800,3,2025-06-24
ORD11409,Beth Patton,USA,Boston,Sofa,Furniture,25000,2,2025-06-24
ORD11409,Beth Patton,USA,Boston,Sofa,Furniture,25000,3,2025-06-24
ORD11410,Mark Wells,Canada,Vancouver,Chair,Furniture,2500,2,2025-06-13
ORD11410,Mark Wells,Canada,Vancouver,AI Handbook,Books,1200,2,2025-06-13
ORD11411,Tina Hopkins,Canada,Calgary,Tennis Racket,Sports,3500,2,2024-07-16
ORD11412,Nicole Whitehead,UK,Birmingham,Jacket,Clothing,3500,1,2024-10-25
ORD11413,Michael Martin,UK,Manchester,Laptop,Electronics,50000,1,2024-12-09
ORD11414,Melissa Mcdonald,UK,London,SQL Book,Books,750,3,2025-09-02
ORD11415,Laura Stephens,UK,Birmingham,T-Shirt,Clothing,800,3,2026-04-26
ORD11416,Darren Nguyen,Germany,Hamburg,Tennis Racket,Sports,3500,1,2025-08-02
ORD11416,Darren Nguyen,Germany,Hamburg,Chair,Furniture,2500,1,2025-08-02
ORD11416,Darren Nguyen,Germany,Hamburg,Cricket Bat,Sports,2200,3,2025-08-02
ORD11417,Lauren Parker,USA,New York,Chair,Furniture,2500,5,2024-09-29
ORD11417,Lauren Parker,USA,New York,Football,Sports,900,1,2024-09-29
ORD11417,Lauren Parker,USA,New York,T-Shirt,Clothing,800,5,2024-09-29
ORD11418,Amy Gonzales,India,Surat,Football,Sports,900,5,2024-10-27
ORD11418,Amy Gonzales,India,Surat,Table,Furniture,6000,2,2024-10-27
ORD11419,Manuel Duncan,USA,Chicago,Tennis Racket,Sports,3500,2,2024-10-14
ORD11419,Manuel Duncan,USA,Chicago,AI Handbook,Books,1200,1,2024-10-14
ORD11420,Hannah Fox,Canada,Toronto,Sofa,Furniture,25000,4,2025-11-25
ORD11420,Hannah Fox,Canada,Toronto,Chair,Furniture,2500,4,2025-11-25
ORD11421,Devon Lane,Germany,Hamburg,Mouse,Electronics,700,2,2024-06-25
ORD11421,Devon Lane,Germany,Hamburg,SQL Book,Books,750,5,2024-06-25
ORD11421,Devon Lane,Germany,Hamburg,Chair,Furniture,2500,3,2024-06-25
ORD11422,Rodney Mejia,Canada,Vancouver,Tennis Racket,Sports,3500,5,2024-10-09
ORD11422,Rodney Mejia,Canada,Vancouver,Chair,Furniture,2500,3,2024-10-09
ORD11422,Rodney Mejia,Canada,Vancouver,Jacket,Clothing,3500,5,2024-10-09
ORD11423,Michelle Jennings,Germany,Frankfurt,Jeans,Clothing,1800,3,2025-04-12
ORD11423,Michelle Jennings,Germany,Frankfurt,AI Handbook,Books,1200,2,2025-04-12
ORD11424,Joseph Welch,USA,Chicago,Cricket Bat,Sports,2200,3,2026-03-01
ORD11424,Joseph Welch,USA,Chicago,Sofa,Furniture,25000,4,2026-03-01
ORD11424,Joseph Welch,USA,Chicago,T-Shirt,Clothing,800,3,2026-03-01
ORD11425,Patrick Sanders,USA,New York,Football,Sports,900,3,2026-04-09
ORD11426,Cristina Chang,Germany,Hamburg,Jeans,Clothing,1800,4,2025-12-02
ORD11426,Cristina Chang,Germany,Hamburg,Football,Sports,900,3,2025-12-02
ORD11427,James Moore,India,Delhi,AI Handbook,Books,1200,5,2025-04-12
ORD11428,Anthony Green,Canada,Montreal,SQL Book,Books,750,3,2025-06-20
ORD11428,Anthony Green,Canada,Montreal,AI Handbook,Books,1200,4,2025-06-20
ORD11429,Paige Taylor,USA,Austin,Tennis Racket,Sports,3500,4,2026-03-30
ORD11429,Paige Taylor,USA,Austin,Laptop,Electronics,50000,3,2026-03-30
ORD11430,Kelli Acosta,Germany,Berlin,Table,Furniture,6000,1,2025-03-14
ORD11430,Kelli Acosta,Germany,Berlin,Table,Furniture,6000,5,2025-03-14
ORD11431,Emily Baldwin,Germany,Munich,Python Book,Books,900,4,2025-04-30
ORD11431,Emily Baldwin,Germany,Munich,Tennis Racket,Sports,3500,2,2025-04-30
ORD11432,Brenda Scott,Germany,Frankfurt,Jacket,Clothing,3500,5,2025-02-15
ORD11433,Tracy Avila,USA,New York,Tennis Racket,Sports,3500,5,2026-01-30
ORD11433,Tracy Avila,USA,New York,T-Shirt,Clothing,800,1,2026-01-30
ORD11433,Tracy Avila,USA,New York,Keyboard,Electronics,1500,4,2026-01-30
ORD11434,Christopher Terry,Germany,Frankfurt,Chair,Furniture,2500,4,2026-05-03
ORD11435,Sarah Green,USA,New York,Chair,Furniture,2500,3,2024-08-10
ORD11435,Sarah Green,USA,New York,SQL Book,Books,750,5,2024-08-10
ORD11436,Jesse Arnold,Germany,Munich,Football,Sports,900,1,2026-04-02
ORD11436,Jesse Arnold,Germany,Munich,Keyboard,Electronics,1500,4,2026-04-02
ORD11437,Janet Glenn,Canada,Toronto,T-Shirt,Clothing,800,3,2024-07-11
ORD11437,Janet Glenn,Canada,Toronto,Jacket,Clothing,3500,5,2024-07-11
ORD11437,Janet Glenn,Canada,Toronto,Jacket,Clothing,3500,5,2024-07-11
ORD11438,Joe Pierce,India,Ahmedabad,Cricket Bat,Sports,2200,3,2024-07-01
ORD11438,Joe Pierce,India,Ahmedabad,Jacket,Clothing,3500,5,2024-07-01
ORD11439,Jodi Tate DVM,Germany,Berlin,Jeans,Clothing,1800,4,2025-11-08
ORD11439,Jodi Tate DVM,Germany,Berlin,Chair,Furniture,2500,4,2025-11-08
ORD11439,Jodi Tate DVM,Germany,Berlin,AI Handbook,Books,1200,3,2025-11-08
ORD11440,Gregg Sutton,Canada,Calgary,Jacket,Clothing,3500,2,2025-04-09
ORD11440,Gregg Sutton,Canada,Calgary,Laptop,Electronics,50000,3,2025-04-09
ORD11441,Megan Thompson,UK,Manchester,Monitor,Electronics,12000,3,2026-05-23
ORD11441,Megan Thompson,UK,Manchester,AI Handbook,Books,1200,3,2026-05-23
ORD11441,Megan Thompson,UK,Manchester,SQL Book,Books,750,1,2026-05-23
ORD11442,Brandon Miller,USA,Boston,Cricket Bat,Sports,2200,4,2024-10-02
ORD11442,Brandon Miller,USA,Boston,Tennis Racket,Sports,3500,1,2024-10-02
ORD11443,Samuel Johnson,Canada,Toronto,Chair,Furniture,2500,2,2025-05-30
ORD11443,Samuel Johnson,Canada,Toronto,Jeans,Clothing,1800,2,2025-05-30
ORD11443,Samuel Johnson,Canada,Toronto,Jacket,Clothing,3500,1,2025-05-30
ORD11444,Suzanne Jackson,Canada,Vancouver,Sofa,Furniture,25000,1,2025-05-30
ORD11445,Allison Foley,Germany,Berlin,Jacket,Clothing,3500,5,2024-07-18
ORD11445,Allison Foley,Germany,Berlin,Cricket Bat,Sports,2200,2,2024-07-18
ORD11445,Allison Foley,Germany,Berlin,Cricket Bat,Sports,2200,5,2024-07-18
ORD11446,Joseph Lee,India,Mumbai,Keyboard,Electronics,1500,1,2025-09-29
ORD11446,Joseph Lee,India,Mumbai,Table,Furniture,6000,1,2025-09-29
ORD11447,Brittany Ramos,USA,Seattle,Jacket,Clothing,3500,2,2025-08-31
ORD11447,Brittany Ramos,USA,Seattle,Laptop,Electronics,50000,2,2025-08-31
ORD11448,Joseph Fitzpatrick,India,Ahmedabad,Cricket Bat,Sports,2200,5,2025-07-31
ORD11449,April Smith,Germany,Frankfurt,T-Shirt,Clothing,800,4,2025-12-03
ORD11450,Katherine Baldwin MD,USA,Chicago,Laptop,Electronics,50000,5,2026-02-05
ORD11451,Cynthia Watson,Canada,Vancouver,Sofa,Furniture,25000,1,2025-09-18
ORD11451,Cynthia Watson,Canada,Vancouver,Chair,Furniture,2500,4,2025-09-18
ORD11451,Cynthia Watson,Canada,Vancouver,Jeans,Clothing,1800,3,2025-09-18
ORD11452,Laura Valdez,UK,Leeds,Table,Furniture,6000,4,2024-12-25
ORD11452,Laura Valdez,UK,Leeds,Monitor,Electronics,12000,4,2024-12-25
ORD11452,Laura Valdez,UK,Leeds,Chair,Furniture,2500,4,2024-12-25
ORD11453,Craig Sanchez,India,Mumbai,Cricket Bat,Sports,2200,3,2025-01-25
ORD11453,Craig Sanchez,India,Mumbai,Laptop,Electronics,50000,2,2025-01-25
ORD11453,Craig Sanchez,India,Mumbai,Keyboard,Electronics,1500,5,2025-01-25
ORD11454,Michael Berry,Canada,Toronto,Chair,Furniture,2500,1,2025-01-29
ORD11455,George Parrish MD,USA,New York,Tennis Racket,Sports,3500,5,2024-11-09
ORD11455,George Parrish MD,USA,New York,Tennis Racket,Sports,3500,2,2024-11-09
ORD11456,Larry Smith,UK,Leeds,Jacket,Clothing,3500,2,2026-01-18
ORD11456,Larry Smith,UK,Leeds,AI Handbook,Books,1200,3,2026-01-18
ORD11457,Christine Nunez,USA,Chicago,Laptop,Electronics,50000,1,2024-07-07
ORD11457,Christine Nunez,USA,Chicago,Tennis Racket,Sports,3500,4,2024-07-07
ORD11457,Christine Nunez,USA,Chicago,Jacket,Clothing,3500,1,2024-07-07
ORD11458,Dana Smith,India,Mumbai,Chair,Furniture,2500,1,2024-06-22
ORD11458,Dana Smith,India,Mumbai,Tennis Racket,Sports,3500,2,2024-06-22
ORD11459,Chad Thomas,USA,Boston,Tennis Racket,Sports,3500,2,2025-02-24
ORD11460,Deanna Roach,USA,Austin,Keyboard,Electronics,1500,2,2025-06-03
ORD11460,Deanna Roach,USA,Austin,Mouse,Electronics,700,1,2025-06-03
ORD11461,William Wright,Germany,Hamburg,T-Shirt,Clothing,800,4,2024-06-27
ORD11462,Amber Hall,Germany,Hamburg,Laptop,Electronics,50000,2,2026-05-29
ORD11462,Amber Hall,Germany,Hamburg,Keyboard,Electronics,1500,3,2026-05-29
ORD11462,Amber Hall,Germany,Hamburg,T-Shirt,Clothing,800,1,2026-05-29
ORD11463,Sue Wallace,India,Pune,Sofa,Furniture,25000,3,2025-07-16
ORD11464,Lisa Miranda,UK,Manchester,Football,Sports,900,2,2025-06-19
ORD11464,Lisa Miranda,UK,Manchester,Cricket Bat,Sports,2200,5,2025-06-19
ORD11464,Lisa Miranda,UK,Manchester,Monitor,Electronics,12000,2,2025-06-19
ORD11465,Stephanie Boone,Canada,Calgary,SQL Book,Books,750,4,2026-05-06
ORD11465,Stephanie Boone,Canada,Calgary,Laptop,Electronics,50000,3,2026-05-06
ORD11465,Stephanie Boone,Canada,Calgary,Sofa,Furniture,25000,1,2026-05-06
ORD11466,Mary Garcia,UK,London,AI Handbook,Books,1200,5,2026-01-16
ORD11466,Mary Garcia,UK,London,Chair,Furniture,2500,2,2026-01-16
ORD11467,Jodi Kelly,India,Delhi,Chair,Furniture,2500,4,2026-05-22
ORD11467,Jodi Kelly,India,Delhi,Table,Furniture,6000,3,2026-05-22
ORD11467,Jodi Kelly,India,Delhi,Monitor,Electronics,12000,4,2026-05-22
ORD11468,Karen Howard,Canada,Toronto,Jacket,Clothing,3500,5,2026-03-10
ORD11469,Marissa Martin,Canada,Calgary,Jeans,Clothing,1800,4,2024-09-17
ORD11470,Zachary Arnold,Germany,Berlin,AI Handbook,Books,1200,1,2025-12-15
ORD11471,Carolyn Arias,UK,London,Table,Furniture,6000,4,2025-07-08
ORD11472,Barbara Wagner,Canada,Vancouver,SQL Book,Books,750,4,2024-07-12
ORD11473,Jose Barrett,USA,Chicago,Python Book,Books,900,1,2026-04-21
ORD11473,Jose Barrett,USA,Chicago,Mouse,Electronics,700,3,2026-04-21
ORD11473,Jose Barrett,USA,Chicago,SQL Book,Books,750,3,2026-04-21
ORD11474,Steven Scott,India,Ahmedabad,Chair,Furniture,2500,1,2024-08-23
ORD11474,Steven Scott,India,Ahmedabad,Sofa,Furniture,25000,5,2024-08-23
ORD11474,Steven Scott,India,Ahmedabad,Table,Furniture,6000,2,2024-08-23
ORD11475,Abigail Morgan,UK,Birmingham,Football,Sports,900,2,2025-12-05
ORD11475,Abigail Morgan,UK,Birmingham,Keyboard,Electronics,1500,4,2025-12-05
ORD11475,Abigail Morgan,UK,Birmingham,Tennis Racket,Sports,3500,4,2025-12-05
ORD11476,Nicholas Small,Germany,Berlin,Chair,Furniture,2500,4,2026-06-05
ORD11477,Scott Mcgee,UK,Birmingham,T-Shirt,Clothing,800,5,2025-05-02
ORD11477,Scott Mcgee,UK,Birmingham,Tennis Racket,Sports,3500,5,2025-05-02
ORD11477,Scott Mcgee,UK,Birmingham,Chair,Furniture,2500,4,2025-05-02
ORD11478,George Graves,UK,London,Tennis Racket,Sports,3500,5,2025-02-14
ORD11478,George Graves,UK,London,Jeans,Clothing,1800,5,2025-02-14
ORD11479,Donald Mckay,Canada,Montreal,Tennis Racket,Sports,3500,3,2024-07-08
ORD11480,Elizabeth Miller,Germany,Munich,Table,Furniture,6000,3,2025-08-06
ORD11480,Elizabeth Miller,Germany,Munich,AI Handbook,Books,1200,4,2025-08-06
ORD11481,Mr. Eric Hayden IV,Canada,Calgary,Python Book,Books,900,1,2025-09-29
ORD11481,Mr. Eric Hayden IV,Canada,Calgary,Jacket,Clothing,3500,5,2025-09-29
ORD11482,Wesley Wilson,Canada,Toronto,Laptop,Electronics,50000,3,2025-10-09
ORD11482,Wesley Wilson,Canada,Toronto,Cricket Bat,Sports,2200,1,2025-10-09
ORD11482,Wesley Wilson,Canada,Toronto,Laptop,Electronics,50000,3,2025-10-09
ORD11483,Lisa Gray,Germany,Hamburg,Chair,Furniture,2500,5,2024-12-20
ORD11484,Sandra Huff,UK,Leeds,Jeans,Clothing,1800,2,2026-05-22
ORD11485,Anthony Gibson,Canada,Toronto,Tennis Racket,Sports,3500,5,2024-07-26
ORD11485,Anthony Gibson,Canada,Toronto,Chair,Furniture,2500,1,2024-07-26
ORD11485,Anthony Gibson,Canada,Toronto,Sofa,Furniture,25000,5,2024-07-26
ORD11486,Nicholas Thomas,USA,Boston,Laptop,Electronics,50000,5,2025-10-06
ORD11487,Rachel Alvarez,Germany,Berlin,T-Shirt,Clothing,800,3,2024-10-31
ORD11487,Rachel Alvarez,Germany,Berlin,Chair,Furniture,2500,3,2024-10-31
ORD11488,Mrs. Brittany Patrick,UK,Birmingham,Monitor,Electronics,12000,1,2025-01-07
ORD11488,Mrs. Brittany Patrick,UK,Birmingham,SQL Book,Books,750,1,2025-01-07
ORD11489,Todd Martinez,UK,London,Keyboard,Electronics,1500,5,2025-11-01
ORD11490,Mr. John Taylor,USA,Austin,Table,Furniture,6000,2,2025-11-20
ORD11490,Mr. John Taylor,USA,Austin,Python Book,Books,900,5,2025-11-20
ORD11490,Mr. John Taylor,USA,Austin,Laptop,Electronics,50000,5,2025-11-20
